SM,BAI,SAVIT,B4,B6,NDSI,MNDWI,CVI,SAVI,GEMI,EVI2,CIG,EVI,GBNDVI,NDWI,GNDVI,BNDVI,GRNDVI,kRVI,RVI,kNDVI,NDVI,B5,NDDI,NDVIT,B7,GARI,GLI,CSIT,kEVI,NGRDI,VARI,NBR,MNDVI,GVMI,B2,NBRT,kVARI,B3,B1
0.39,10.11351305922544,0.5397351892115072,0.3735,295.5,-0.3589743589743589,-0.3589743589743589,3.4859999999999998,0.4111517493616727,0.7575296208055974,0.4789573874233089,3.1499999999999995,0.5534705707491082,0.4155770324047754,-0.6116504854368932,0.6116504854368932,0.7066483893077451,0.3856427378964941,2.4109105506055624,4.940476190476191,0.4136463063668069,0.6633266533066132,0.1908,24.67243975903612,0.9881087145751364,0.0879,0.9226856561546288,0.125703564727955,143.7951525441347,1.0558826179234722,0.0869565217391304,0.1420118343195267,0.6189856957087125,0.6189856957087125,0.628826969384245,0.09,0.986187382900195,0.0144395836638013,0.0756,0.0642
0.32,10.59590860181158,0.532088065707364,0.3666,296.0,-0.3875467846206192,-0.3875467846206192,3.6524222222222233,0.3950804947142956,0.7418717184016471,0.4580908554874766,3.0733333333333333,0.5292288326977899,0.4011083508503726,-0.6057818659658344,0.6057818659658344,0.6921301638587585,0.3646007816862088,2.2638623123534933,4.5427509293680295,0.3872290530056558,0.6391683433936955,0.2039,37.28905548809452,0.9870526123400194,0.1044,0.9036476256022024,0.0995723885155772,118.63156259707984,0.980196578008112,0.0544815465729349,0.0894230769230769,0.5566878980891721,0.5566878980891721,0.5790186125211506,0.09,0.9832820038743786,0.0057058567208217,0.0807,0.0667
0.5,12.580357030532523,0.504471523960135,0.3416,296.5,-0.288563829787234,-0.288563829787234,2.5719206917634723,0.3577531867208293,0.7027187325188354,0.4123398429427568,2.192523364485981,0.4928408783914168,0.3045636814970403,-0.5229603209986625,0.5229603209986625,0.6395488360931125,0.2774869109947643,2.039769842298416,3.962877030162413,0.3420554503271965,0.5970079476390837,0.1938,15.124971851918572,0.9851472514645474,0.0976,0.9096459096459096,0.1404209965361045,118.04384485666104,1.0198647537047747,0.1076604554865425,0.1761219305673159,0.5555555555555555,0.5555555555555555,0.5793991416309012,0.107,0.983199467369286,0.0221055346999206,0.0862,0.0751
0.47,11.995843200414187,0.5119688209160291,0.3485,297.0,-0.3002348205300234,-0.3002348205300234,2.8383626771730266,0.3617006471365945,0.7079128209884079,0.4162022624492358,2.341323106423778,0.507577533005234,0.3081831831831831,-0.5393109540636043,0.5393109540636043,0.6266044340723453,0.287403029183598,2.0281015735452037,3.933408577878105,0.3395201741338998,0.594600777854038,0.1938,20.50850688574329,0.9850117656802118,0.0976,0.9319620253164558,0.1060445387062566,120.22547883203622,1.0874247508569028,0.0813893208916537,0.1390611160318866,0.5624299484420533,0.5624299484420533,0.5845257021727609,0.1043,0.983501818105655,0.0128902395658864,0.0886,0.08
0.07,20.16892686384078,0.3993516104002853,0.2589,313.6,-0.3187844177034468,-0.3187844177034468,1.8575743124529385,0.080603152844414,0.3917134922842504,0.0845245351150568,0.5502994011976048,0.0999829960891005,-0.0717102904266762,-0.2157783517257572,0.2157783517257572,0.3249744114636642,-0.1728434504792331,1.0333661334375788,1.2938530734632685,0.0164093091199323,0.1281045751633987,0.3233,-3.9223008335287943,0.952671761804998,0.2846,0.1480324797001875,0.003003003003003,29.00822134897529,0.0653991138835264,-0.0901661672568782,-0.1407312925170067,-0.0472861085556577,-0.0472861085556577,0.0818387339864355,0.167,0.9333515979923852,0.0159517376087209,0.2001,0.1319
0.07,19.76823327938582,0.3990757757362048,0.2589,313.20000000000005,-0.3346823148522865,-0.3346823148522865,1.96373230681798,0.0736389097615957,0.3817733131879572,0.0769604203552458,0.5748175182481752,0.0898542993365118,-0.0673631123919308,-0.2232459248759744,0.2232459248759744,0.3249744114636642,-0.1758713990132103,1.027367484484776,1.2629268292682927,0.0134990250629036,0.116188833800388,0.3298,-3.1705957565828906,0.9516011949317166,0.2846,0.1276849642004773,-0.0121676430824695,29.04526888581944,0.0525123626016697,-0.1099079588521927,-0.1709473684210526,-0.0472861085556577,-0.0472861085556577,0.0818387339864355,0.1644,0.9334337792881612,0.0238722841373465,0.205,0.1319
0.44,14.750722379751736,0.4413301146705831,0.2935,307.20000000000005,-0.3877700476016111,-0.3877700476016111,2.259320413909938,0.1037979717637701,0.4104142588706391,0.1081503663023901,0.7553827751196174,0.1198750727211489,-0.0010211027910142,-0.274148035598003,0.274148035598003,0.3962892483349191,-0.1315283325935788,1.0485243735841243,1.3638475836431228,0.0236874768051823,0.1539217613524671,0.379,-3.560534497444636,0.9559433327429738,0.3015,0.1770736253494875,-0.0113821138211381,31.68834646213377,0.0644700754591557,-0.1255230125523012,-0.1878669275929549,-0.0134453781512604,-0.0134453781512604,0.1006993006993007,0.1672,0.9388161159416,0.0308407255877207,0.2152,0.1269
0.54,18.137338831607146,0.4365465885018722,0.2868,302.5,-0.3290953545232273,-0.3290953545232273,2.449948575848498,0.1740812379110251,0.5070103817776371,0.1883160361566789,1.0903790087463556,0.2123213804259908,0.0896656534954406,-0.3528301886792452,0.3528301886792452,0.473792394655704,-0.0191518467852257,1.1717355308121404,1.7835820895522387,0.07907755266495,0.2815013404825737,0.2718,-8.893057229983702,0.966645203628008,0.1962,0.4384615384615385,0.0208333333333333,48.32309753077059,0.1954830961816076,-0.0791946308724831,-0.1206543967280162,0.1875776397515527,0.1875776397515527,0.2829187396351576,0.1372,0.9594510462617988,0.0121157261408684,0.1608,0.1024
0.09,13.582568023538045,0.4895007524518273,0.3303,305.8,-0.3413205537806176,-0.3413205537806176,2.6701697655618437,0.284181568088033,0.6298774845277044,0.3174203222753475,1.6701697655618433,0.3756363636363637,0.2076782449725777,-0.4550660792951542,0.4550660792951542,0.560595322466336,0.1435000865501125,1.5131147476141071,2.6701697655618437,0.2041748185598155,0.4550660792951542,0.2519,0.0,0.977354436616131,0.1533,0.7412557943531395,0.066149536737772,70.45777716912042,0.5408773500829279,0.0,0.0,0.3660049627791563,0.3660049627791563,0.4257786613651425,0.1237,0.97201144397108,0.0,0.1237,0.093
0.07,12.938404912039548,0.4974266616506136,0.3372,305.3,-0.3457792207792207,-0.3457792207792207,2.7960026845802872,0.2962150301700493,0.6428882588343374,0.3316790329713527,1.789081885856079,0.3899198498086504,0.2290869327501366,-0.4721676489849377,0.4721676489849377,0.576437587657784,0.1641636457793888,1.5590345858783683,2.782178217821782,0.2184552678433161,0.4712041884816753,0.2487,-979.1494661921612,0.9782913849317486,0.1499,0.7521263669501821,0.0661375661375661,73.6816137060038,0.5597241482115516,-0.0012391573729863,-0.0019801980198019,0.3845206323136932,0.3845206323136932,0.4402899028166695,0.1209,0.9732196467008156,2.952293458365955e-06,0.1212,0.0906
0.1,5.9495924350694205,0.6347470759689484,0.4693,296.0,-0.382312925170068,-0.382312925170068,4.354520027557298,0.5082158105835166,0.8587848244453921,0.5941073265170307,4.168502202643172,0.7027839404565949,0.4877159613250911,-0.6757721835386538,0.6757721835386538,0.7378263284576929,0.4743952246308513,2.817560715535744,6.134640522875817,0.4761052543680824,0.7196775375595457,0.2032,31.783133338002223,0.9903962215977288,0.0973,0.970327954190526,0.1042870173304956,162.94686258715035,1.1727669357785295,0.0854751942618051,0.1481865284974094,0.6565478291563713,0.6565478291563713,0.6583163413923682,0.0908,0.98780092544353,0.0142820659674024,0.0765,0.0708
0.13,6.372801901134261,0.6217125526708306,0.4558,296.0,-0.3956738768718801,-0.3956738768718801,4.638361408139106,0.4830811196986426,0.8351195063018388,0.5610502305148567,4.019823788546256,0.6425584850893258,0.4825174825174825,-0.6677643615075008,0.6677643615075008,0.7393627170387331,0.4458366375892149,2.5848836322878697,5.432657926102503,0.4421018350535408,0.6890865295534555,0.2097,63.635690711029,0.9891619911031478,0.1039,0.9180241723594325,0.0880766926303175,148.20643550191193,0.9800204602276664,0.0394962793360045,0.0648496240601504,0.6287296766124709,0.6287296766124709,0.635427394438723,0.0908,0.9865957524333836,0.0030065294923785,0.0839,0.0683
0.26,7.431118178930179,0.5934039980603949,0.4259,296.0,-0.361941610974323,-0.361941610974323,3.820757090812728,0.4695605787824231,0.8190579388591157,0.5491197864031641,3.695700110253583,0.6569274972946751,0.4508601601090104,-0.6488579171506001,0.6488579171506001,0.7159548751007252,0.442750677506775,2.699283874956122,5.7710027100271,0.4593548190394763,0.7046227736641985,0.1936,24.27121264957888,0.9897941639930512,0.0974,0.9805022156573115,0.1139085047589806,147.72601143237694,1.2536188769739645,0.1027355623100303,0.1797872340425531,0.6277469902541564,0.6277469902541564,0.6350069951810975,0.0907,0.9865524531940444,0.0206805405852783,0.0738,0.0705
0.26,9.050884434325152,0.558651290157245,0.392,296.5,-0.3456830962619914,-0.3456830962619914,3.358439293298068,0.4176717712427159,0.7672805641115336,0.4836421612935624,2.9635995955510617,0.564034991398558,0.3965087281795511,-0.5970666123446731,0.5970666123446731,0.6951351351351351,0.364190012180268,2.31442926666139,4.677804295942721,0.3965778602918893,0.6477511559478774,0.2034,24.56010609541826,0.9874029578893394,0.1073,0.9131853785900784,0.1235444476001135,123.21445129493044,0.9985185583804572,0.0826491516146688,0.1345811051693405,0.5701982775886241,0.5701982775886241,0.5888906830292266,0.0989,0.983898813872701,0.013033279739883,0.0838,0.0705
0.07,4.335670187303118,0.6970082690713175,0.5398000000000001,297.5,-0.4326149887423609,-0.4326149887423609,5.48873411798582,0.5691518932608562,0.9161282533102304,0.6658900117943618,5.120181405895692,0.7584038455206927,0.5553954761561735,-0.719108280254777,0.719108280254777,0.7818121802277603,0.526799604016405,3.0289579534279274,6.824273072060684,0.5035937274305988,0.7443851995475845,0.2227,57.89841170315385,0.9913189670687654,0.0974,0.9440378820490744,0.0970149253731343,186.28888927234135,1.041117651036389,0.0543933054393305,0.0899209486166007,0.6942875078468299,0.6942875078468299,0.6899101954569465,0.0882,0.98932130994118,0.0057041489785908,0.0791,0.0661
0.1,4.653361341605025,0.6827436809804508,0.5231,297.5,-0.407359166395311,-0.407359166395311,4.996644125105664,0.5542379228560729,0.90274976613126,0.648008686819153,4.748351648351648,0.7575757575757577,0.5270763392205516,-0.7036313304022147,0.7036313304022147,0.7609829994950345,0.5092325447201385,2.965994802719864,6.6131479140328695,0.4957129044575632,0.7372965792095648,0.2161,42.80164147478936,0.9910430657267352,0.1039,0.963198546115402,0.0960554049984943,169.23188909827644,1.1125492530538514,0.0699588477366254,0.1200807265388495,0.6685805422647528,0.6685805422647528,0.6682730923694779,0.091,0.9882513199460214,0.0095470906194574,0.0791,0.071
0.27,5.081268538690684,0.6652718499228735,0.503,299.0,-0.353003910415926,-0.353003910415926,4.646721410457674,0.5400443178220956,0.8894136639354465,0.6321890193288272,4.527472527472527,0.7454990386296101,0.5130094751090389,-0.6936026936026937,0.6936026936026937,0.7529186269384911,0.5003728560775541,2.9545047453886357,6.57516339869281,0.494247667212384,0.7359792924935289,0.1903,33.73517515596085,0.9909463397411392,0.0875,0.9731800766283524,0.1050394656952033,192.2599139990444,1.1640623983544678,0.0865671641791044,0.150103519668737,0.7036409822184588,0.7036409822184588,0.6973961998592539,0.091,0.9896512424195228,0.0146492133206175,0.0765,0.0709
0.19,4.580997673494521,0.6859214220081765,0.5265000000000001,298.5,-0.3602811950790862,-0.3602811950790862,4.711224489795919,0.5652880169936275,0.912459016106138,0.6635999859183027,4.785714285714287,0.7662082514734775,0.5405998536942209,-0.7052631578947369,0.7052631578947369,0.7772151898734179,0.5225563909774437,3.110431126767011,7.105263157894738,0.5134330345602784,0.7532467532467534,0.1935,30.396011396011364,0.991632928773674,0.0875,0.9634806131650137,0.1300838248990996,201.57932519741567,1.12091802916978,0.1023622047244094,0.1705348133198789,0.7149837133550488,0.7149837133550488,0.7070844686648501,0.091,0.9901273242071914,0.0201592262366797,0.0741,0.066
0.25,6.013337582758559,0.6326583639605248,0.4666,295.0,-0.296526508226691,-0.296526508226691,3.468830096688724,0.5181711606096131,0.8670140203371687,0.6094795675728679,3.85031185031185,0.6979437153484456,0.4969521976259224,-0.6581378820184791,0.6581378820184791,0.7701062215477997,0.4775174160861304,3.0164655184567124,6.781976744186046,0.5020497522487183,0.7429958909226747,0.1773,16.51150894340485,0.9913381485079048,0.0744,0.9566825145272057,0.1957737725295215,212.59340258793512,1.1398908604943263,0.1660606060606061,0.2624521072796935,0.7249537892791127,0.7249537892791127,0.7143721633888047,0.0962,0.9906364149090392,0.0513826979505436,0.0688,0.0606
0.21,6.327444359776208,0.6230624919614721,0.4565,295.0,-0.3315290933694181,-0.3315290933694181,3.329713648805914,0.5044184067552531,0.8539000157782772,0.5919023215229388,3.620445344129555,0.6917663111781394,0.4706829896907216,-0.6441563119034757,0.6441563119034757,0.7490421455938697,0.4573024740622506,2.904430085719236,6.411516853932585,0.4877613490083585,0.7301497062725033,0.1968,15.981530072860629,0.990839955656384,0.0909,0.96862960924601,0.1821717020640144,170.23736271932276,1.187136419137133,0.1623529411764706,0.2641148325358852,0.6678845451223968,0.6678845451223968,0.6676655678753372,0.0988,0.988320305987904,0.0499761254288246,0.0712,0.0655
0.14,5.271107557213259,0.6572085291867346,0.4921,298.0,-0.4975369458128079,-0.4975369458128079,5.938666752103892,0.5814089637676445,0.9221201480234608,0.6980282147721452,7.040849673202615,0.7515724328142344,0.6675703151474076,-0.778781854328574,0.778781854328574,0.860491493383743,0.6444444444444445,3.9893192976524263,10.88716814159292,0.5991437146664396,0.8317513493392891,0.1824,30.40491896972161,0.9945406087819448,0.0742,0.9622040072859744,0.1970660146699266,222.5528681777891,1.177148288574161,0.150375939849624,0.2302158273381294,0.7379480840543882,0.7379480840543882,0.7254844820049541,0.0612,0.9910535703867176,0.0412767103562441,0.0452,0.0369
0.15,6.111754407216662,0.6289116554846402,0.4617,298.5,-0.4697781178270849,-0.4697781178270849,5.047225501770956,0.5404834235900146,0.8845264947312496,0.6443282736033257,5.662337662337662,0.6906562246826897,0.6188639551192145,-0.7389830508474575,0.7389830508474575,0.842745958890441,0.5825192802056555,3.5487415631567782,8.794285714285714,0.5603179533875252,0.7957992998833139,0.1921,27.013088276246123,0.9932344648889126,0.0904,0.9353884093711468,0.2026030368763557,171.09885711744565,1.094088619997789,0.1379310344827586,0.203883495145631,0.672523093642456,0.672523093642456,0.6714774587115012,0.0693,0.9883787723317932,0.0338457311521042,0.0525,0.0394
0.24,10.59612417089302,0.4767311490985237,0.3257,308.1,-0.2816245006657789,-0.2816245006657789,1.7778307927654151,0.0905120577251724,0.3690360311793045,0.0923400386407545,0.5092678405931417,0.1105852511754515,-0.0774677807675967,-0.2029547553093258,0.2029547553093258,0.3285743422394452,-0.1813497549327637,1.0308712924899437,1.2812745869394175,0.0152010088497997,0.1232971201931366,0.385,-4.095676139852621,0.9530365644003672,0.3225,0.1017543859649119,0.0150517403574788,32.779048381050146,0.0545324494248363,-0.0817021276595744,-0.1257367387033399,0.0049367479173094,0.0049367479173094,0.1083051288726893,0.2158,0.9407917008958137,0.0129721948018511,0.2542,0.1646
0.22,11.060687892937848,0.4732499393737202,0.3223,308.1,-0.2892115482019247,-0.2892115482019247,1.796606879897992,0.09596635442554,0.3808664292892577,0.098297739021461,0.5311163895486937,0.1147655916600622,-0.0630813953488372,-0.2098348348348348,0.2098348348348348,0.3499476439790576,-0.1733777891767119,1.0356088218325283,1.3048582995951417,0.0174929590845808,0.1322676971719655,0.3818,-4.410405518554567,0.9538657913655074,0.3191,0.0982318271119843,0.0228377065111759,32.78247985474401,0.0567650863325055,-0.0797814207650273,-0.1207409857757195,0.0049890863735578,0.0049890863735578,0.1092723929603362,0.2105,0.9407977150108732,0.0122565964416551,0.247,0.1552
0.36,10.95736707618,0.4859009578871165,0.3326,309.1,-0.4056458511548331,-0.4056458511548331,2.537627822637711,0.1310468390069106,0.4318037880890579,0.1358032550342691,0.914795624640184,0.1452235080553664,0.0507028905386195,-0.3138455461189018,0.3138455461189018,0.4479756203744013,-0.0968092328581127,1.068450765934411,1.4448305821025196,0.0330927702325506,0.1819474058280028,0.4108,-3.758907827308575,0.958109168542398,0.3257,0.2115897826915745,-0.0136286201022146,33.037371067586854,0.0727820939091048,-0.1398861104233721,-0.203897509924215,0.0104815433692845,0.0104815433692845,0.1116536040087369,0.1737,0.9412410554261472,0.0380315798380913,0.2302,0.1268
0.15,12.517077988280258,0.489149984757768,0.3326,307.20000000000005,-0.3794266441821248,-0.3794266441821248,2.6816341638114367,0.2095136999933655,0.5435379957517052,0.2253293604584788,1.2595108695652173,0.2509456152061282,0.1322553191489361,-0.3864110045852438,0.3864110045852438,0.5107880990233931,0.016348357524828,1.2138051542680417,1.9038351459645104,0.0965781265148119,0.3112556672580326,0.3272,-9.28299568140818,0.9682407606068174,0.2375,0.4690966719492868,0.0208044382801663,45.586622807017534,0.209914128028728,-0.085430257844051,-0.1283846872082167,0.1668128398526574,0.1668128398526574,0.2537313432835821,0.1472,0.9570692211735352,0.0140358642377226,0.1747,0.1077
0.35,34.39516954238947,0.3580146681990452,0.2243,299.5,-0.3426417201898911,-0.3426417201898911,2.357424120912794,0.1148988977297612,0.4410797350049424,0.1250206514417883,0.9056924384027188,0.1368314903678976,0.0432558139534883,-0.3116959064327486,0.3116959064327486,0.4364393211655458,-0.0799835931091057,1.0947585208623474,1.540521978021978,0.0452360116541444,0.2127602054609353,0.2404,-5.30097939108049,0.961858599937934,0.1691,0.2984165651644335,0.0038379530916843,44.28828256042745,0.1199071234717459,-0.1059627800987467,-0.159155733029093,0.1403152008134214,0.1403152008134214,0.26334242306194,0.1177,0.9558384666644968,0.0217998079885335,0.1456,0.088
0.43,13.672085688976727,0.4893815879114304,0.3298,298.5,-0.3651856360316494,-0.3651856360316494,3.598593187105931,0.2914739385571281,0.6373452255236522,0.3268449476057176,2.162032598274209,0.3496190791652865,0.3058800237576717,-0.5194655609306612,0.5194655609306612,0.6457085828343313,0.1931982633863965,1.5574960082522806,2.77843302443134,0.2179850941911175,0.4706800445930881,0.2243,-20.29589271275521,0.9787414589339376,0.1396,0.6508052708638362,0.047451669595782,79.1445287564854,0.4074348265744124,-0.0645739910313901,-0.0947368421052631,0.4051981252662974,0.4051981252662974,0.4584323040380049,0.1043,0.9750450837876048,0.0078250732003691,0.1187,0.071
0.14,3.3911367283608245,0.7481169455876556,0.6014,299.5,-0.4576017930519238,-0.4576017930519238,6.606459030576237,0.6550955222081601,0.9874994432176804,0.7807292744029972,7.283746556473829,0.8444423728286877,0.6721812873627138,-0.7845697329376855,0.7845697329376855,0.8599041286531622,0.6433939062713486,3.892828749885975,10.386873920552675,0.5912385038927411,0.8243591688154104,0.1951,40.436082247997255,0.994249686808873,0.0838,0.9534540081270776,0.1690821256038646,239.6197321709612,1.0829187931122266,0.1126436781609195,0.1725352112676056,0.7553998832457677,0.7553998832457677,0.7421758569299552,0.0726,0.9916881297225492,0.0232744813029635,0.0579,0.0453
0.17,3.4301568274561824,0.7456627932405713,0.5981000000000001,299.0,-0.4435812060673326,-0.4435812060673326,5.869905429492984,0.6562651185292696,0.9884942481310188,0.7835152775371109,6.953457446808511,0.8721509628057995,0.6535803151783246,-0.7766226050794592,0.7766226050794592,0.8454180808392471,0.6413282107574094,3.968423725478368,10.776576576576575,0.5974578436730582,0.830171358629131,0.1951,30.006187953901275,0.9944662814400006,0.087,0.979557069846678,0.175,229.92349978856728,1.1707148907252645,0.1507268553940321,0.2444168734491315,0.7460224784702965,0.7460224784702965,0.734194509998758,0.0752,0.9913391231215912,0.0430138417611861,0.0555,0.0501
0.14,10.75439846831555,0.5259365972584105,0.3636,309.1,-0.4368845120859445,-0.4368845120859445,2.952335576949811,0.3151263320152805,0.6640538417737792,0.3515251196172249,1.890302066772656,0.3892770805046859,0.2697747511786276,-0.4859011033919085,0.4859011033919085,0.6272096665920789,0.1768894643146141,1.578519078477718,2.829571984435798,0.2243609842977227,0.4777484251168462,0.321,-118.2003626288549,0.9783882575257004,0.2084,0.6805653710247351,0.0858869227449287,56.44521802198321,0.4506626771802219,-0.0106173810460086,-0.0157894736842105,0.2713286713286713,0.2713286713286713,0.3398843930635838,0.1258,0.9651842212656476,0.0002089121709071581,0.1285,0.0833
0.15,7.799457235770963,0.5829995585154772,0.4178,306.7,-0.4011720831113479,-0.4011720831113479,3.766687035371892,0.3968139975190964,0.7503222843956123,0.4492478535443128,2.717081850533808,0.490177102487177,0.3841311909889017,-0.5760090531874764,0.5760090531874764,0.7007938123346223,0.2973140816643378,1.922003868730525,3.668129938542581,0.3155382094449768,0.5715629114162121,0.263,-258.105122067971,0.9834162428303248,0.1495,0.7663389242336611,0.0907326540514313,91.11994879137391,0.591680117513042,-0.0066283694211224,-0.0098167539267015,0.4729420059933015,0.4729420059933015,0.5067656045395025,0.1124,0.9782891759467924,8.107578005247456e-05,0.1139,0.0735
0.1,10.103243019770426,0.5336980643440675,0.3716,307.70000000000005,-0.3974876626289816,-0.3974876626289816,2.954424059226601,0.3012541254125412,0.6486850936899397,0.3325057117545578,1.7669396872673122,0.3734249713631157,0.239079693231077,-0.4690650326151414,0.4690650326151414,0.5965628356605801,0.1446172801478516,1.4809551711692628,2.591352859135286,0.1938588720821548,0.4431067961165049,0.3115,-35.13997681543436,0.9765304666081532,0.1896,0.6548117154811716,0.0618699347697173,63.69566499234143,0.4003808366833245,-0.0327691753691033,-0.0495103373231773,0.3243050605844619,0.3243050605844619,0.3846153846153846,0.1343,0.9690860276304948,0.0020265469659182,0.1434,0.0939
0.11,10.081437854992627,0.5335513553686579,0.3716,308.1,-0.4013636363636363,-0.4013636363636363,3.12364506203268,0.2976143403189666,0.6445542548607996,0.3279078953482969,1.821564160971906,0.3618241835720925,0.2494956287827842,-0.4766540830518577,0.4766540830518577,0.6048369682573957,0.1449699584039439,1.4636192730248003,2.5486968449931413,0.1881862502461976,0.436412833397758,0.3083,-22.68982509981752,0.9761117129347398,0.1928,0.6308633582596873,0.0521270221689634,62.55715326569888,0.3686259601028884,-0.0508108108108108,-0.0758064516129032,0.3167965981573353,0.3167965981573353,0.3781414377556985,0.1317,0.9685322595925738,0.0048693649764111,0.1458,0.0915
0.29,13.636490703663371,0.4915242385733575,0.3308,300.5,-0.2795261014439096,-0.2795261014439096,3.4906419894183025,0.3227790592017894,0.6681998467960828,0.3675440607171965,2.3997944501541624,0.401160568470065,0.3403565640194489,-0.5454333099743052,0.5454333099743052,0.6694423416603583,0.253030303030303,1.7768018476634104,3.311311311311312,0.2797469500090776,0.5361040167169725,0.1728,-115.92918100641836,0.9820133190036808,0.1041,0.7431877566256065,0.0811111111111111,105.74754531752237,0.5694478973373867,-0.0131845841784989,-0.0197418375094912,0.5212692573005289,0.5212692573005289,0.552712200396468,0.0973,0.9812642061786904,0.00032392024089422856,0.0999,0.0655
0.26,13.635330450188157,0.4916498576647268,0.3308,301.0,-0.3005908419497783,-0.3005908419497783,3.5964179663674205,0.3266820695932227,0.671862293611793,0.3727313394683026,2.493136219640972,0.4043187411181588,0.3540728612361851,-0.554876615746181,0.554876615746181,0.6796141152576797,0.2650095602294455,1.8101714505329356,3.392820512820513,0.2882996517451952,0.5447116507121177,0.1761,-108.17432846778384,0.9824126795306752,0.1106,0.745656192236599,0.0822857142857143,99.36738899268865,0.5767704045660602,-0.0145681581685743,-0.021688613477924,0.498867240598097,0.498867240598097,0.5347345920912006,0.0947,0.9800732088373276,0.00039416128007352326,0.0975,0.0631
0.56,25.269039463164308,0.3798036743069226,0.2424,302.90000000000003,-0.2981203901974779,-0.2981203901974779,1.9988076989370869,0.0886200590800393,0.4076547274794311,0.0941445103289977,0.6433898305084744,0.1056479742420177,-0.030981411153308,-0.2433957424980763,0.2433957424980763,0.3741496598639456,-0.1484278939047953,1.045627047810043,1.351170568561873,0.0223046756537996,0.1493598862019914,0.2728,-4.176658183059687,0.9561478616338176,0.1698,0.1580231848688223,0.0088919288645691,47.12980645281711,0.0706071565962008,-0.0975833588253287,-0.1473441108545033,0.1761280931586608,0.1761280931586608,0.2867343104096205,0.1475,0.958445708649158,0.0184645306104937,0.1794,0.1104
0.12,9.949380536643716,0.4943036403630629,0.3411,313.6,-0.3767034393251135,-0.3767034393251135,2.279397470246523,0.1190401209296466,0.4068666588924803,0.122223141949569,0.7756376887037999,0.1325794775386514,0.0156319785618579,-0.2794448612153038,0.2794448612153038,0.4224353628023352,-0.1251602975121826,1.0530712724988502,1.3832116788321167,0.0258496980644299,0.1607963246554364,0.4243,-3.710464525186996,0.9556614903729852,0.3276,0.1590820692337611,-0.0011698947094761,33.20181094415788,0.0609867369513022,-0.124230681559152,-0.1815456362425049,0.0201884253028263,0.0201884253028263,0.1185495118549512,0.1921,0.9415235642561308,0.0297751313875093,0.2466,0.1385
0.12,12.097676641201057,0.4858255104535657,0.3309,311.8,-0.359984322947286,-0.359984322947286,2.435817225030741,0.1762702985856469,0.4997129929584704,0.1867348864052563,1.0263319044703003,0.2067651847983041,0.081902893575282,-0.3391339538648321,0.3391339538648321,0.4759143621766281,-0.0415640839971035,1.1392469710962456,1.685685175751401,0.0650915826819609,0.2553110773899849,0.347,-7.091680174363767,0.9636779865531911,0.252,0.3603896103896105,0.0199875078076202,42.11338159381777,0.1453769048185055,-0.0917686318131257,-0.1363073110285006,0.1353576942871848,0.1353576942871848,0.2260634514155641,0.1633,0.953610690554443,0.0161353355576871,0.1963,0.1175
0.09,12.966209797942366,0.4993512561910372,0.3377,304.40000000000003,-0.3202933985330073,-0.3202933985330073,3.477843184269205,0.3347268673355629,0.6807957692932819,0.3820703696634218,2.4707091469681397,0.4192850160592096,0.3497202238209432,-0.5526436781609195,0.5526436781609195,0.6755147606053088,0.268356807511737,1.8390585341730092,3.463589743589744,0.2955411183226693,0.5519301470588235,0.189,-1548.0387918269948,0.9825759926309464,0.1106,0.7644036697247707,0.0886713286713287,100.30701014416644,0.6119021077280701,-0.0010266940451744,-0.0015455950540957,0.506580414900736,0.506580414900736,0.5403836002111561,0.0973,0.9802580295563568,1.9629402014364527e-06,0.0975,0.0654
0.08,12.34643961399597,0.5072018147474092,0.3445,304.40000000000003,-0.2964569775849602,-0.2964569775849602,3.369570383921904,0.350567114327465,0.6968863780553891,0.4019492704596806,2.540596094552929,0.4525366484622018,0.3520408163265305,-0.5595291987324582,0.5595291987324582,0.6711132670385643,0.2892964071856287,1.9430123569354207,3.720302375809936,0.3204241921421581,0.5762983299016243,0.1793,67.73323657474641,0.9837685466235592,0.1074,0.8176470588235294,0.0963380281690141,105.37565733610336,0.7297167801078515,0.0247498683517641,0.0384930384930385,0.5246736003540606,0.5246736003540606,0.5544675642594858,0.0973,0.981198706075387,0.0011543694648452,0.0926,0.0678
0.13,10.715852142243506,0.4745561571209582,0.324,313.6,-0.3180177223498522,-0.3180177223498522,1.903594279314622,0.0891170691512961,0.3678877776467996,0.0909264931087289,0.5591915303176132,0.1064699824316955,-0.0625,-0.2185031966904851,0.2185031966904851,0.3405047579644186,-0.1750477402928071,1.030059583340911,1.2770989357508866,0.014807241909344,0.1216894581962955,0.4016,-3.5138882164662824,0.9520657482735544,0.3603,0.1040380047505937,0.0030167732593217,28.675083688762765,0.0496014320420239,-0.0994582881906826,-0.1519364448857994,-0.0530469092503288,-0.0530469092503288,0.0543329603381822,0.2078,0.9326033914183248,0.0193083435600766,0.2537,0.1594
0.12,10.84611638533648,0.495932809738088,0.3409,312.70000000000005,-0.3561546647747428,-0.3561546647747428,2.228013265639111,0.1614188407659684,0.4742651704514001,0.1690334944714204,0.8782369146005509,0.1947951239182357,0.0353834472285497,-0.3051301684532925,0.3051301684532925,0.4293501048218029,-0.0757760607292937,1.107369722949574,1.5833720390153274,0.0509496372564821,0.2258180510607695,0.3823,-6.694414888539041,0.9612669567069247,0.3012,0.3361274098910309,0.0162374020156775,36.19463092093835,0.1311885559960236,-0.0851814516129032,-0.129650939777522,0.0618283756424233,0.0618283756424233,0.1570660018370292,0.1815,0.9462287983378236,0.0140468528292349,0.2153,0.1361
0.5,13.218386246533475,0.4941547918747123,0.3342,300.0,-0.3647599885024433,-0.3647599885024433,3.3282463504023254,0.2920730869624948,0.6383671629015698,0.3268677277311752,2.0244343891402714,0.3498321595471599,0.2920935627295573,-0.5030357544411963,0.5030357544411963,0.6430678466076696,0.1802931308493731,1.545146652130028,2.7483552631578947,0.2141906642879678,0.4664326458973234,0.2374,-26.485958130482395,0.9784044895929532,0.1271,0.6406307297396406,0.0645472061657032,87.64752163650668,0.3989497343547327,-0.0478242137009909,-0.0695924764890282,0.4489486234554519,0.4489486234554519,0.4938929984517461,0.1105,0.977438737563348,0.0042353784277499,0.1216,0.0726
0.54,16.99957501062473,0.4541971878433388,0.3002,300.5,-0.3255678509027374,-0.3255678509027374,2.990887152824386,0.232389454596178,0.5731118278072657,0.2569655240492584,1.5924006908462869,0.2736440984198943,0.2171092641394689,-0.4432692307692307,0.4432692307692307,0.5904635761589403,0.0924308588064046,1.343107089372246,2.247005988023952,0.1464325258237213,0.3840479483633011,0.2276,-13.96993015892028,0.973606270414038,0.1205,0.5321977565434152,0.0467796610169491,82.90470239780173,0.2785162224073101,-0.0713712910986367,-0.1034282393957001,0.4271452341335869,0.4271452341335869,0.4803033105233956,0.1158,0.976163433718914,0.0095058659299868,0.1336,0.0773
0.13,8.180068836915277,0.5683779763545441,0.4056,312.70000000000005,-0.480162570156764,-0.480162570156764,3.440625088362536,0.3241370460669832,0.671859365199524,0.3562161552346571,2.020104244229337,0.3856841848108225,0.2847640164713336,-0.5025004630487127,0.5025004630487127,0.6318648159324081,0.1707317073170731,1.5052713442770846,2.650980392156863,0.2016832809073959,0.452201933404941,0.3824,-18.98072176692093,0.9766837577196846,0.2421,0.630408653846154,0.0469694016760865,53.57661555092968,0.3632295168905198,-0.0650887573964496,-0.095505617977528,0.2524316813339509,0.2524316813339509,0.3171811905692328,0.1343,0.9633542684937352,0.0079529706676398,0.153,0.0915
0.08,8.125892832474968,0.5679680436907095,0.4056,312.70000000000005,-0.4780332772480838,-0.4780332772480838,3.334184448403543,0.3134499936134883,0.6591737753921038,0.3427221129781909,1.9054441260744983,0.369011458302006,0.2692849319355343,-0.4878943506969919,0.4878943506969919,0.6240240240240239,0.1499858236461582,1.4567819073248836,2.5318352059925093,0.1859269257735049,0.4337221633085895,0.3953,-17.01272476589875,0.9755999091048692,0.2553,0.6009629852542883,0.0470654415900993,50.806496768037896,0.3299403296343025,-0.0687124749833222,-0.1000485672656629,0.2274171584203358,0.2274171584203358,0.2949161224228454,0.1396,0.9613948032627078,0.0088301358919077,0.1602,0.0939
0.1,9.17027868660334,0.5520475814493525,0.3885,307.20000000000005,-0.3810357768326244,-0.3810357768326244,3.3945564182779813,0.334778609906714,0.6851571167444855,0.3726497326516047,2.1406628940986256,0.4089362521666559,0.3023801542071739,-0.5169855525185475,0.5169855525185475,0.6430534996828083,0.2029725963771481,1.609884456746099,2.905759162303665,0.2336825506468891,0.4879356568364612,0.276,-34.59293693693693,0.9790769841690956,0.1632,0.6860872333651702,0.0629430719656283,77.49071308210783,0.4456134491252123,-0.0388500388500388,-0.0578034682080925,0.408374116367591,0.408374116367591,0.4545183861843084,0.1237,0.9745192785048616,0.0028279334027191,0.1337,0.0844
0.1,22.73700830082699,0.3973289379554544,0.256,309.5,-0.3308069549710209,-0.3308069549710209,1.983913899727519,0.1137984062631063,0.4370688068943904,0.1214896360683924,0.7055296469020651,0.1395412623855727,-0.0131071703932151,-0.2607732085693178,0.2607732085693178,0.3886628695416327,-0.1183054933700705,1.07408716007061,1.4662084765177548,0.0357203696628099,0.1890385508592661,0.2985,-6.270494260204087,0.9586550114961956,0.2388,0.2622169249106078,0.0219574468085106,34.637376435218634,0.1121603130679576,-0.0754542654758238,-0.115566037735849,0.0347615198059822,0.0347615198059822,0.158100195185426,0.1501,0.9438791459961824,0.0110097113383086,0.1746,0.1127
0.13,9.3526891600088,0.5506663438853657,0.3864,306.7,-0.4155911202891068,-0.4155911202891068,3.606412865686923,0.3543160690571049,0.7058173735354133,0.3985801701883545,2.413427561837456,0.428732122770368,0.3493975903614458,-0.5468374699759807,0.5468374699759807,0.6818280739934712,0.248062015503876,1.7437414404120877,3.230769230769231,0.2710683410097066,0.5272727272727273,0.2742,-54.900297619048025,0.9811923523144926,0.1571,0.7091022833906787,0.0804104032450489,80.19497507086069,0.4943595604489771,-0.0274914089347079,-0.0400751408891672,0.4218951241950321,0.4218951241950321,0.4661642803315749,0.1132,0.9753679338129664,0.0013895420832881,0.1196,0.0731
0.13,8.803439186766457,0.561353295898914,0.3966,307.20000000000005,-0.4005824728620598,-0.4005824728620598,3.624238347338585,0.3692937834445398,0.7215961049973476,0.4165077132161846,2.503533568904593,0.450530320126374,0.3607822954194544,-0.5559042761867399,0.5559042761867399,0.6887374920161805,0.2652735683522093,1.8077300695962255,3.386848847139197,0.2876808131746026,0.5440918824216467,0.2645,-93.12220541267352,0.982022308035892,0.1472,0.7312156383628589,0.0868939030244839,87.70486582880434,0.5311095237039837,-0.0169344333478072,-0.0248091603053435,0.4586244942993747,0.4586244942993747,0.4962338053630611,0.1132,0.9774533225284407,0.0005270459463938686,0.1171,0.0731
0.08,13.677852916302887,0.4769803905869801,0.3217,311.8,-0.2882882882882882,-0.2882882882882882,3.382721118410512,0.2063502718668188,0.5416219702301669,0.2227665371905618,1.5450949367088609,0.2224376971837101,0.2176381529144587,-0.4358402142378933,0.4358402142378933,0.600497512437811,0.0443109884758968,1.2177723778494822,1.9148809523809525,0.0981941970350674,0.3138656320196039,0.2288,-6.146410445709097,0.9679557827190848,0.1472,0.3802120141342757,0.0089802434643783,70.09178821429569,0.1557053532137998,-0.1413043478260869,-0.1943017281644091,0.3721475794412455,0.3721475794412455,0.4321616573272203,0.1264,0.971867355566141,0.0370868848818541,0.168,0.0803
0.1,14.423749569090475,0.4740388185534042,0.3183,312.3,-0.3074285714285714,-0.3074285714285714,3.2741295787994646,0.2275758813121002,0.5675380283149136,0.2486703868073816,1.6262376237623766,0.2547770700636942,0.2303826826439892,-0.4484641638225256,0.4484641638225256,0.6067642604745079,0.0778868946833729,1.2888573235134493,2.1065519523494376,0.1262015419423551,0.3561994034938219,0.2288,-8.72124486585823,0.9707828013369856,0.1505,0.4583795782463928,0.0284259652100127,67.72174723384428,0.2114689512345201,-0.1098053617333823,-0.1538065843621399,0.3579351535836178,0.3579351535836178,0.4208559782608696,0.1212,0.9708971311047366,0.0223418008611747,0.1511,0.0779
0.65,29.858901759734373,0.3789807060202947,0.2398,305.3,-0.3380116959064327,-0.3380116959064327,2.5094878822310176,0.1538685493849625,0.4845213811443342,0.1692131349094542,1.1183745583038869,0.185549275006144,0.1007574018820289,-0.3586402266288951,0.3586402266288951,0.4871317829457365,-0.0153972490248409,1.1733160289700573,1.7882177479492918,0.0797472740548425,0.2826959079967906,0.2288,-8.444820444469286,0.9664274498380286,0.1242,0.4224719101123597,0.0216606498194946,63.24129851949957,0.192423547424079,-0.0845127375657096,-0.1269744835965977,0.3175824175824176,0.3175824175824176,0.4041322314049587,0.1132,0.9688673789899668,0.0137283037822937,0.1341,0.0827
0.52,28.65181738477672,0.3832536067606761,0.2432,305.3,-0.3399772209567198,-0.3399772209567198,2.4731325761326186,0.1545151471227714,0.4855181258725665,0.1696328546695183,1.098360655737705,0.1870766206872345,0.0950022512381809,-0.3544973544973545,0.3544973544973545,0.4815717331708802,-0.0187613475892677,1.170646116023544,1.780380673499268,0.0786153554758868,0.2806740389678778,0.2353,-8.603940217391296,0.9662821579807622,0.1406,0.423937360178971,0.0222712238147739,56.65672223156664,0.1932917381806423,-0.0819801980198019,-0.1236559139784946,0.2673267326732673,0.2673267326732673,0.3624454148471616,0.1159,0.9653119372279368,0.0129310038143022,0.1366,0.0851
0.23,10.060316628345245,0.5127033921531027,0.3558,313.6,-0.4104275662998376,-0.4104275662998376,2.7864796273796277,0.1874880184037318,0.5061546114513087,0.1974279192954501,1.1774785801713583,0.215178361886881,0.1118749999999999,-0.3705701078582434,0.3705701078582434,0.493075954678976,-0.0229301112179047,1.1443992763670083,1.7015781922525106,0.0673378684456778,0.2596919808815719,0.3909,-5.684277917793661,0.9638071338721692,0.2792,0.370858567866049,-0.0047205725597685,40.63632974679843,0.1391100911718944,-0.1226845637583892,-0.181565355582042,0.1206299212598425,0.1206299212598425,0.2074172185430463,0.1634,0.9519650264045236,0.0292367001109184,0.2091,0.1208
0.18,11.56609560997275,0.4992463683119253,0.3422,313.6,-0.3965481389062175,-0.3965481389062175,2.9678773782286605,0.2093389296956977,0.5410491399097899,0.2241019073936779,1.3583735354927635,0.2435451382530671,0.1523825559858561,-0.4044736302072645,0.4044736302072645,0.5249554367201427,0.0216450216450216,1.2031858392368848,1.8740416210295727,0.0922236497794766,0.3041158536585365,0.3358,-7.060633547632961,0.9670830551901654,0.2331,0.4434273160014646,0.0017259233690024,46.81248303697284,0.1849094502248266,-0.11443393347574,-0.169606512890095,0.1896401877281418,0.1896401877281418,0.2719689342729757,0.1451,0.9581699197999524,0.0253467409032869,0.1826,0.1066
0.1,14.054724882274106,0.478002946427822,0.3218,314.5,-0.3461212976022567,-0.3461212976022567,3.619792135822662,0.2317876298458822,0.5721937597036646,0.2533482937949705,1.7765314926660918,0.2567457810666907,0.2540919719407638,-0.470413525245602,0.470413525245602,0.6199345582683111,0.093070652173913,1.2976960182064592,2.129715420251489,0.1295628385337218,0.3609642630577289,0.2386,-7.596010897508335,0.9708953329483307,0.1506,0.4628774422735346,0.0113438045375218,67.94232714082726,0.2095465035165778,-0.1318352059925094,-0.1838120104438642,0.3624047417442845,0.3624047417442845,0.424037812288994,0.1159,0.9709902452826312,0.0325032919919005,0.1511,0.0755
0.08,12.893390229285734,0.4940265801942611,0.3354,314.1,-0.3175928591995393,-0.3175928591995393,3.377347647278748,0.2627302275189599,0.606857200728055,0.2895937328333612,1.830379746835443,0.2998361719885011,0.2670948243294295,-0.4778585591539987,0.4778585591539987,0.6325139936724263,0.1268268100117587,1.3925009263297867,2.371994342291372,0.1640546601300181,0.4068791946308726,0.2288,-12.464717875807558,0.9738620760166772,0.144,0.5339462517680339,0.0442828816920026,74.15366656054334,0.2764847885124533,-0.0881108118507117,-0.1241865509761387,0.3992490613266583,0.3992490613266583,0.452786119452786,0.1185,0.973387858616468,0.0142899617570655,0.1414,0.0755
0.44,23.13248552773874,0.4145585667117387,0.267,303.40000000000003,-0.3486590038314176,-0.3486590038314176,2.613091460043816,0.2127659574468085,0.5491297496961781,0.2373214055863045,1.4162895927601813,0.2600952213013578,0.1788079470198675,-0.4145695364238411,0.4145695364238411,0.5591240875912409,0.0744466800804829,1.3381431359801637,2.2343096234309625,0.1446203745086,0.3816300129366106,0.2288,-24.171556387848486,0.9732055681496244,0.1406,0.5610972568578553,0.0624999999999999,62.59078007334608,0.3186833377631456,-0.0391304347826087,-0.058252427184466,0.310107948969578,0.310107948969578,0.3912054586808188,0.1105,0.9685488997352576,0.0028702411127063,0.1195,0.0755
0.47,13.189986320665184,0.4962714131087496,0.3353,302.5,-0.4039379474940335,-0.4039379474940335,3.527701876050225,0.3197944872595987,0.6661724855791061,0.3627228627228628,2.3563563563563568,0.3911876613670336,0.3385229540918164,-0.5409007352941178,0.5409007352941178,0.6719022687609076,0.2413920770085154,1.7283509756598892,3.1933333333333334,0.2669564810970581,0.5230524642289348,0.2353,-59.61099512874006,0.9812320657653232,0.1208,0.7144938091769847,0.0782514840798704,91.75742980679766,0.5163621799418567,-0.0248901903367496,-0.0366642703091301,0.470291602718702,0.470291602718702,0.5111959729213678,0.0999,0.978438384890938,0.0011465775188613,0.105,0.0658
0.13,6.739470016165293,0.6111584134846803,0.4441,303.90000000000003,-0.4472430224642614,-0.4472430224642614,4.775457121017253,0.4926732673267326,0.8419786534446924,0.5779738084323467,4.469211822660098,0.6443370165745856,0.5274290627687016,-0.690843327622311,0.690843327622311,0.7753347991205278,0.4897685340489767,2.858407907247821,6.263751763046544,0.4816514873289829,0.7246601941747572,0.2126,41.857914884035154,0.990343401485355,0.1043,0.9221398305084744,0.1219343696027634,140.1089133056775,1.0230334720439045,0.0677186061801446,0.1074035453597497,0.6196207148067104,0.6196207148067104,0.6280670257330939,0.0812,0.985826550902086,0.0086542426350952,0.0709,0.0562
0.14,9.00720351100793,0.5588246357026869,0.3932,306.3,-0.4261279858448835,-0.4261279858448835,4.157400903532056,0.3925534052099376,0.7442673071244541,0.4485931531002056,3.0411099691675227,0.4884023195360927,0.4136257415063814,-0.6032619775739042,0.6032619775739042,0.7132897603485839,0.3315272604131391,2.025985831290271,3.928071928071928,0.3390583725412864,0.5941617676870058,0.2418,-131.58199207963796,0.9845252304636544,0.1341,0.7922471229557843,0.0796116504854369,95.72772425351488,0.6543690346000706,-0.0141843971631205,-0.0212765957446808,0.4913711359757254,0.4913711359757254,0.5238683763324579,0.0973,0.9793234047897356,0.0003754730823060716,0.1001,0.0658
0.17,4.448933319298432,0.6916338271304159,0.5323,304.40000000000003,-0.4587217043941413,-0.4587217043941413,4.72730339849524,0.5953488372093023,0.9378861857334144,0.7076345641234059,5.547355473554736,0.7808738664468261,0.6064584276444845,-0.7350065189048239,0.7350065189048239,0.8310973512211901,0.5835192622341216,3.6122661072953055,9.068143100511072,0.5663736754398095,0.8013536379018613,0.2191,23.156395937482813,0.9933088482758838,0.0978,0.9583152409900132,0.2026627218934911,178.80224330810017,1.125097307531115,0.1614285714285713,0.2486248624862485,0.6895730836375179,0.6895730836375179,0.685908545527263,0.0813,0.9888766682595116,0.0477277256435405,0.0587,0.0491
0.17,4.199442440027236,0.7033069778760465,0.5458000000000001,303.90000000000003,-0.4719516291568693,-0.4719516291568693,4.7618663766032805,0.6149903106832532,0.9545606383249726,0.7341089806346858,5.944020356234097,0.8001236214580826,0.6324211155974279,-0.7482383087764254,0.7482383087764254,0.8498559566175224,0.6093174111749963,3.840484963257443,10.126159554730984,0.586818259909626,0.8202434550608637,0.2191,21.782911983004578,0.9940156841974264,0.0978,0.9597315436241612,0.2310101801096319,183.6386013858019,1.1310804168591313,0.1864150943396226,0.2800453514739229,0.6960845245494096,0.6960845245494096,0.6914614981665793,0.0786,0.989168028868346,0.0623342180281402,0.0539,0.0443
0.11,6.985466109068132,0.6014470225755439,0.4374,311.40000000000003,-0.4565530484877579,-0.4565530484877579,4.331592041353994,0.3969826759572972,0.7504852863411046,0.4456187283290087,2.863957597173145,0.4810075597967529,0.391664015272033,-0.5888122048674174,0.5888122048674174,0.6973224679860303,0.2912177121771217,1.8322164892452888,3.4468085106382977,0.2938392924430197,0.5502392344497608,0.3034,-29.5297828241867,0.9820928918845409,0.1736,0.7378718842133476,0.0498492928356132,80.91153671985295,0.5221206102771825,-0.0570595585172844,-0.0845157310302282,0.4317512274959084,0.4317512274959084,0.4703146374829001,0.1132,0.975583414985361,0.0061285469741307,0.1269,0.078
0.08,6.4685161793114085,0.6136985457884242,0.451,311.8,-0.4367364746945899,-0.4367364746945899,3.8262510942405914,0.3888470233609645,0.7406942010002449,0.4323152885453205,2.493415956622773,0.4659422689100924,0.3559831629585087,-0.5549043268402,0.5549043268402,0.6825219175526954,0.2501732501732502,1.7267879703996196,3.1895332390381896,0.2665362977573597,0.5226198514517217,0.3293,-33.37592342220532,0.980637829147862,0.1868,0.7022739291380224,0.0654012791417371,77.43254955339789,0.4632334994481091,-0.0454713493530499,-0.0663430420711974,0.414236437754782,0.414236437754782,0.4542095539720243,0.1291,0.974500382667806,0.0038324136816362,0.1414,0.0851
0.16,5.969022444837576,0.6339049438386952,0.4679,303.90000000000003,-0.441563055062167,-0.441563055062167,5.0062140253416985,0.5238591916558019,0.8719892748979726,0.6175685811600085,4.9529262086514,0.6713450292397661,0.571188717259906,-0.7123513266239708,0.7123513266239708,0.8100580270793037,0.5275873326803787,3.1028319413588275,7.078668683812405,0.5125318247040811,0.752434456928839,0.2029,36.54369737123319,0.9914503448764042,0.0912,0.9163179916317992,0.1541850220264317,168.82140362423004,1.0062325209648837,0.0863856254319281,0.1307531380753138,0.6737614022536219,0.6737614022536219,0.6725077308202032,0.0786,0.9882229215086134,0.0136357425882101,0.0661,0.0491
0.33,20.459093883099182,0.4209579025311243,0.2739,305.8,-0.3424724602203182,-0.3424724602203182,2.3674789274409824,0.1650580500769338,0.4974470901756633,0.1789983374391709,1.0394638868205512,0.2015302636972264,0.0791962174940898,-0.3419892209701127,0.3419892209701127,0.4674524511117064,-0.0288955858890267,1.162707506019276,1.756895445798589,0.0752332460891851,0.2745463006049325,0.2742,-9.141589928738512,0.9657841453745531,0.2033,0.4237633860275369,0.0253865241458293,44.05722839337974,0.1903542013159951,-0.0744314266023432,-0.1132075471698113,0.1479463537300922,0.1479463537300922,0.2521768251841929,0.1343,0.9556120056356182,0.0106710000353015,0.1559,0.0994
