SR_B1,SR_B2,SR_B3,SR_B4,SR_B5,SR_B7,SR_ATMOS_OPACITY,SR_CLOUD_QA,ST_B6,ST_ATRAN,ST_CDIST,ST_DRAD,ST_EMIS,ST_EMSD,ST_QA,ST_TRAD,ST_URAD,QA_PIXEL,QA_RADSAT,AFRI1600,AFRI2100,ARVI,ATSAVI,AVI,BCC,BNDVI,BWDRVI,CIG,CVI,DSI,DSWI1,DSWI2,DSWI3,DSWI4,DSWI5,DVI,DVIplus,EVI,EVI2,ExG,ExGR,ExR,FCVI,GARI,GBNDVI,GCC,GDVI,GEMI,GLI,GNDVI,GOSAVI,GRNDVI,GRVI,GSAVI,GVMI,IAVI,IKAW,IPVI,MCARI1,MCARI2,MGRVI,MNDVI,MNLI,MRBVI,MSAVI,MSI,MSR,MTVI1,MTVI2,NDDI,NDGI,NDII,NDMI,NDPI,NDVI,NDYI,NGRDI,NIRv,NIRvH2,NLI,NMDI,NRFIg,NRFIr,NormG,NormNIR,NormR,OCVI,OSAVI,RCC,RDVI,RGBVI,RGRI,RI,SARVI,SAVI,SAVI2,SEVI,SI,SR,SR2,TDVI,TGI,TSAVI,TVI,TriVI,VARI,VIG,WDRVI,WDVI,AFRI1600_1,AFRI2100_1,ARVI_1,ATSAVI_1,AVI_1,BCC_1,BNDVI_1,BWDRVI_1,CIG_1,CVI_1,DSI_1,DSWI1_1,DSWI2_1,DSWI3_1,DSWI4_1,DSWI5_1,DVI_1,DVIplus_1,EVI_1,EVI2_1,ExG_1,ExGR_1,ExR_1,FCVI_1,GARI_1,GBNDVI_1,GCC_1,GDVI_1,GEMI_1,GLI_1,GNDVI_1,GOSAVI_1,GRNDVI_1,GRVI_1,GSAVI_1,GVMI_1,IAVI_1,IKAW_1,IPVI_1,MCARI1_1,MCARI2_1,MGRVI_1,MNDVI_1,MNLI_1,MRBVI_1,MSAVI_1,MSI_1,MSR_1,MTVI1_1,MTVI2_1,NDDI_1,NDGI_1,NDII_1,NDMI_1,NDPI_1,NDVI_1,NDYI_1,NGRDI_1,NIRv_1,NIRvH2_1,NLI_1,NMDI_1,NRFIg_1,NRFIr_1,NormG_1,NormNIR_1,NormR_1,OCVI_1,OSAVI_1,RCC_1,RDVI_1,RGBVI_1,RGRI_1,RI_1,SARVI_1,SAVI_1,SAVI2_1,SEVI_1,SI_1,SR_1,SR2_1,TDVI_1,TGI_1,TSAVI_1,TVI_1,TriVI_1,VARI_1,VIG_1,WDRVI_1,WDVI_1,system:index,T0630,FIELD,SM0630,T0614,T0513,CROP,SM0529,SM0513,SA0529,SM0614,T0529,SA0513,SA0614,sampling p,SA0630
0.07335000000000003,0.1133075,0.11963249999999997,0.39292750000000004,0.270855,0.1504875,0.01,,310.95604166,0.9354,14.32,0.269,0.9696,0.010100000000000001,2.04,10.418000000000001,0.488,5440,0,0.374613034505655,0.6785631326144013,0.6853804869417889,0.40635036279291076,0.45554998599713664,0.2394789252016064,0.6853804869417889,-0.30234746577121036,2.467797806853033,3.6613756470520076,0.689325638953751,1.4506931753152057,2.3904419389713834,2.264058679706602,0.9471297515307298,1.2964179391145683,0.27329500000000007,0.07659361614497534,0.4378050714550038,0.4066779739001118,0.03363250000000001,-0.008582249999999958,0.04221474999999997,0.29083083333333337,0.7159733355834954,0.35589257831034277,0.36993535538215416,0.8303307704939201,0.7133291055282118,0.08015419538962937,0.5523521684593125,0.41970175688758476,0.2556251922331804,3.467797806853033,0.3712833654774986,0.4860306143213524,0.4062191046672366,0.23982744549376211,0.766598056812861,0.3836778000000001,0.3340612760157307,-0.05426582068037349,0.44614153087419384,0.0545664855010149,0.453566986285624,0.3921985111684665,0.689325638953751,1.1036585739766074,0.38367780000000007,0.33406127601573066,-56.668676902172194,0.24249335693226678,0.18390436626455203,0.18390436626455203,0.21150479006536937,0.533196113625722,0.21406854800905387,-0.027152914913711558,0.20950741593667088,0.27329500000000007,0.1268482113343186,0.5310006916100878,-0.14094277753558632,-0.11422701021768113,0.18104071548690417,0.6278125961165902,0.19114668839650562,3.693335597741885,0.40635036279291076,0.39058571941623943,0.3817326706916003,0.1880084481943113,1.0558215475586343,0.027152914913711558,0.4359031629415305,0.36136748294282545,3.2844544751635225,8.140994295028527,0.8976718138322868,3.2844544751635225,3.467797806853033,0.46595672683704814,2.1760749999999995,0.533196113625722,1.0164625490522128,16.144700000000004,-0.03963280907325002,-0.027152914913711558,-0.5055191041071193,0.27329500000000007,0.374613034505655,0.6785631326144013,0.6853804869417889,0.40635036279291076,0.45554998599713664,0.2394789252016064,0.6853804869417889,-0.30234746577121036,2.467797806853033,3.6613756470520076,0.689325638953751,1.4506931753152057,2.3904419389713834,2.264058679706602,0.9471297515307298,1.2964179391145683,0.27329500000000007,0.07659361614497534,0.4378050714550038,0.4066779739001118,0.03363250000000001,-0.008582249999999958,0.04221474999999997,0.29083083333333337,0.7159733355834954,0.35589257831034277,0.36993535538215416,0.8303307704939201,0.7133291055282118,0.08015419538962937,0.5523521684593125,0.41970175688758476,0.2556251922331804,3.467797806853033,0.3712833654774986,0.4860306143213524,0.4062191046672366,0.23982744549376211,0.766598056812861,0.3836778000000001,0.3340612760157307,-0.05426582068037349,0.44614153087419384,0.0545664855010149,0.453566986285624,0.3921985111684665,0.689325638953751,1.1036585739766074,0.38367780000000007,0.33406127601573066,-56.668676902172194,0.24249335693226678,0.18390436626455203,0.18390436626455203,0.21150479006536937,0.533196113625722,0.21406854800905387,-0.027152914913711558,0.20950741593667088,0.27329500000000007,0.1268482113343186,0.5310006916100878,-0.14094277753558632,-0.11422701021768113,0.18104071548690417,0.6278125961165902,0.19114668839650562,3.693335597741885,0.40635036279291076,0.39058571941623943,0.3817326706916003,0.1880084481943113,1.0558215475586343,0.027152914913711558,0.4359031629415305,0.36136748294282545,3.2844544751635225,8.140994295028527,0.8976718138322868,3.2844544751635225,3.467797806853033,0.46595672683704814,2.1760749999999995,0.533196113625722,1.0164625490522128,16.144700000000004,-0.03963280907325002,-0.027152914913711558,-0.5055191041071193,0.27329500000000007,0,28.97,101A,0.13,23.77,24.93,alfalfa,0.14,0.39,0.09,0.1,25.8,0.6,0,1,0.05
0.07335000000000003,0.11594749999999998,0.11963249999999997,0.39292750000000004,0.26763750000000003,0.1504875,0.01,,311.23290127999996,0.9354,14.32,0.269,0.9696,0.010100000000000001,2.04,10.455,0.488,5440,0,0.37973807353201305,0.6785631326144013,0.6853804869417889,0.40635036279291076,0.45554998599713664,0.23743242805813625,0.6853804869417889,-0.30234746577121036,2.3888397766230414,3.49654261262085,0.6811371054456611,1.468133202559432,2.308264516268139,2.2371638141809296,0.9691973335005121,1.3140057324347354,0.27329500000000007,0.07845074958813841,0.4378050714550038,0.4066779739001118,0.03891249999999996,-6.622500000000309E-4,0.03957474999999999,0.2899508333333334,0.7136537643555937,0.3497445145776977,0.37531965170103254,0.8303307704939201,0.7133291055282118,0.09158522162270293,0.544298698108573,0.41409829938329296,0.2503510300195305,3.3888397766230414,0.36713445447767384,0.4860306143213524,0.4062191046672366,0.23982744549376211,0.766598056812861,0.38779620000000004,0.3376470919246604,-0.03127683653476172,0.44614153087419384,0.0545664855010149,0.453566986285624,0.3921985111684665,0.6811371054456611,1.1036585739766074,0.38779620000000004,0.3376470919246604,-97.04900812946592,0.24692118565049348,0.1896709634933731,0.1896709634933731,0.21693744391337708,0.533196113625722,0.22502938496282282,-0.01564224467272262,0.20950741593667088,0.27329500000000007,0.1268482113343186,0.5406580372590439,-0.1296376226847074,-0.11422701021768113,0.18448069434334513,0.6251755150097653,0.1903437906468896,3.51408993196359,0.40635036279291076,0.3872479202408312,0.3817326706916003,0.21012677913478872,1.031781625304556,0.01564224467272262,0.4359031629415305,0.36136748294282545,3.2844544751635225,8.140994295028527,0.8967800317495358,3.2844544751635225,3.3888397766230414,0.46595672683704814,2.4268749999999972,0.533196113625722,1.0164625490522128,16.250300000000003,-0.02271466436540711,-0.01564224467272262,-0.5055191041071193,0.27329500000000007,0.37973807353201305,0.6785631326144013,0.6853804869417889,0.40635036279291076,0.45554998599713664,0.23743242805813625,0.6853804869417889,-0.30234746577121036,2.3888397766230414,3.49654261262085,0.6811371054456611,1.468133202559432,2.308264516268139,2.2371638141809296,0.9691973335005121,1.3140057324347354,0.27329500000000007,0.07845074958813841,0.4378050714550038,0.4066779739001118,0.03891249999999996,-6.622500000000309E-4,0.03957474999999999,0.2899508333333334,0.7136537643555937,0.3497445145776977,0.37531965170103254,0.8303307704939201,0.7133291055282118,0.09158522162270293,0.544298698108573,0.41409829938329296,0.2503510300195305,3.3888397766230414,0.36713445447767384,0.4860306143213524,0.4062191046672366,0.23982744549376211,0.766598056812861,0.38779620000000004,0.3376470919246604,-0.03127683653476172,0.44614153087419384,0.0545664855010149,0.453566986285624,0.3921985111684665,0.6811371054456611,1.1036585739766074,0.38779620000000004,0.3376470919246604,-97.04900812946592,0.24692118565049348,0.1896709634933731,0.1896709634933731,0.21693744391337708,0.533196113625722,0.22502938496282282,-0.01564224467272262,0.20950741593667088,0.27329500000000007,0.1268482113343186,0.5406580372590439,-0.1296376226847074,-0.11422701021768113,0.18448069434334513,0.6251755150097653,0.1903437906468896,3.51408993196359,0.40635036279291076,0.3872479202408312,0.3817326706916003,0.21012677913478872,1.031781625304556,0.01564224467272262,0.4359031629415305,0.36136748294282545,3.2844544751635225,8.140994295028527,0.8967800317495358,3.2844544751635225,3.3888397766230414,0.46595672683704814,2.4268749999999972,0.533196113625722,1.0164625490522128,16.250300000000003,-0.02271466436540711,-0.01564224467272262,-0.5055191041071193,0.27329500000000007,1,29.1,101B,0.13,24.9,25.2,alfalfa,0.15,0.32,0.07,0.11,25.23,0.59,0.02,2,0.05
0.0781075,0.12392249999999999,0.1656125,0.32151,0.22553499999999999,0.14721499999999998,0.01,,316.0899077,0.9355,13.58,0.269,0.9667,0.0092,2.07,11.087,0.487,5440,0,0.3670715241055262,0.6274146298253052,0.609088691060827,0.24090879238474944,0.3471100130022542,0.21245503444242708,0.609088691060827,-0.4168068674977438,1.5944441082127945,3.4672668391243837,0.7014867344717115,1.4255437071851378,1.819968125239565,1.3618235338516114,0.7482677937957581,1.1387839625716643,0.15589750000000002,0.01690266886326197,0.22536633458691455,0.22672965944920828,0.00412499999999999,-0.08724875000000001,0.09137375,0.19896250000000004,0.3861290633741681,0.22821560912251218,0.3370733797099084,0.5806070161603303,0.545752867507456,0.008391565713588213,0.44358572847737876,0.3263576038617022,0.05232838825291104,2.5944441082127945,0.2733956791479367,0.43194190836128926,0.11902058289935656,0.3590390612177909,0.6600187837761549,0.159456,0.1312785282913162,-0.28212961422691357,0.37184916528881545,-0.09810046181314519,0.6360814664727952,0.2189457460817975,0.7014867344717115,0.5488750621718675,0.159456,0.1312785282913162,-6.18077428520219,0.048553075136067464,0.17544260527013322,0.17544260527013322,0.18846082937384578,0.3200375675523098,0.22677325149730237,-0.14398950040582315,0.10289527834374312,0.15589750000000002,-0.2314058547771238,0.6082334992371758,-0.08590659720621455,0.05881036673566107,0.2028042124557111,0.5261641941264554,0.27103159341783334,3.631935586118767,0.24090879238474944,0.4504715858476645,0.22336753722841246,0.08557813099490921,1.336419939881781,0.14398950040582315,0.34781288459168314,0.20966329270117295,1.941338968978791,5.449528266284248,0.8767252863528983,1.941338968978791,2.5944441082127945,0.2666690135081947,1.2897499999999997,0.3200375675523098,0.9055592567868266,7.686250000000001,-0.19718343167279567,-0.14398950040582315,-0.674854055475353,0.15589750000000002,0.3670715241055262,0.6274146298253052,0.609088691060827,0.24090879238474944,0.3471100130022542,0.21245503444242708,0.609088691060827,-0.4168068674977438,1.5944441082127945,3.4672668391243837,0.7014867344717115,1.4255437071851378,1.819968125239565,1.3618235338516114,0.7482677937957581,1.1387839625716643,0.15589750000000002,0.01690266886326197,0.22536633458691455,0.22672965944920828,0.00412499999999999,-0.08724875000000001,0.09137375,0.19896250000000004,0.3861290633741681,0.22821560912251218,0.3370733797099084,0.5806070161603303,0.545752867507456,0.008391565713588213,0.44358572847737876,0.3263576038617022,0.05232838825291104,2.5944441082127945,0.2733956791479367,0.43194190836128926,0.11902058289935656,0.3590390612177909,0.6600187837761549,0.159456,0.1312785282913162,-0.28212961422691357,0.37184916528881545,-0.09810046181314519,0.6360814664727952,0.2189457460817975,0.7014867344717115,0.5488750621718675,0.159456,0.1312785282913162,-6.18077428520219,0.048553075136067464,0.17544260527013322,0.17544260527013322,0.18846082937384578,0.3200375675523098,0.22677325149730237,-0.14398950040582315,0.10289527834374312,0.15589750000000002,-0.2314058547771238,0.6082334992371758,-0.08590659720621455,0.05881036673566107,0.2028042124557111,0.5261641941264554,0.27103159341783334,3.631935586118767,0.24090879238474944,0.4504715858476645,0.22336753722841246,0.08557813099490921,1.336419939881781,0.14398950040582315,0.34781288459168314,0.20966329270117295,1.941338968978791,5.449528266284248,0.8767252863528983,1.941338968978791,2.5944441082127945,0.2666690135081947,1.2897499999999997,0.3200375675523098,0.9055592567868266,7.686250000000001,-0.19718343167279567,-0.14398950040582315,-0.674854055475353,0.15589750000000002,2,28.5,104A,0.08,25.87,25.37,grain,0.54,0.5,0.36,0.29,24.03,1.01,0.4,3,0.01
0.0781075,0.12122749999999999,0.15109250000000002,0.3113075,0.2320525,0.1504875,0.01,,316.8931424,0.9355,13.57,0.269,0.9667,0.0092,2.07,11.199,0.487,5440,0,0.3405075096000826,0.6106919845686698,0.5988469884313651,0.2574148457583547,0.3485387287436414,0.22289203900949553,0.5988469884313651,-0.43003938638709427,1.5679610649398863,3.2005910969411215,0.7454124940773993,1.34153909136941,1.914190262110495,1.535830699736916,0.8023396263878086,1.1289068107374491,0.160215,0.026501392092256992,0.2454189308732465,0.23927979045712497,0.013254999999999961,-0.06193775000000007,0.07519275000000003,0.19449833333333333,0.4451181266987246,0.2192776746941354,0.34594174258584154,0.6186955885255127,0.5581633661551594,0.028103168629612665,0.4394557665853631,0.32079117689250425,0.06680202697782406,2.5679610649398863,0.26537571507851465,0.4139258673587776,0.16292948065410867,0.318433682373473,0.6732428633217993,0.18412019999999993,0.15486608566886473,-0.2167308699727678,0.3482497645058955,-0.08682681005427288,0.57823439161446,0.23011058022474007,0.7454124940773993,0.6061398090664483,0.18412019999999993,0.15486608566886473,-8.453707169764227,0.08062819979726595,0.14586093934040048,0.14586093934040048,0.16319236862557546,0.34648572664359856,0.21631926154463588,-0.10966877203290258,0.10786360534710206,0.160215,-0.2184640274416131,0.5847762314745878,-0.10768636254899439,0.002006101200344924,0.20771382431431007,0.5334010134889121,0.258885162196778,3.315376647617976,0.2574148457583547,0.4311662184046629,0.23561029411764703,0.10924209073149432,1.2463549937101732,0.10966877203290258,0.33568084409625637,0.2191124179431072,2.0603769214223076,5.905703459801115,0.8826849125312574,2.0603769214223076,2.5679610649398863,0.27787035985454545,1.5419249999999982,0.34648572664359856,0.9200465893875149,8.418299999999999,-0.15377486001158538,-0.10966877203290258,-0.6583229637271862,0.160215,0.3405075096000826,0.6106919845686698,0.5988469884313651,0.2574148457583547,0.3485387287436414,0.22289203900949553,0.5988469884313651,-0.43003938638709427,1.5679610649398863,3.2005910969411215,0.7454124940773993,1.34153909136941,1.914190262110495,1.535830699736916,0.8023396263878086,1.1289068107374491,0.160215,0.026501392092256992,0.2454189308732465,0.23927979045712497,0.013254999999999961,-0.06193775000000007,0.07519275000000003,0.19449833333333333,0.4451181266987246,0.2192776746941354,0.34594174258584154,0.6186955885255127,0.5581633661551594,0.028103168629612665,0.4394557665853631,0.32079117689250425,0.06680202697782406,2.5679610649398863,0.26537571507851465,0.4139258673587776,0.16292948065410867,0.318433682373473,0.6732428633217993,0.18412019999999993,0.15486608566886473,-0.2167308699727678,0.3482497645058955,-0.08682681005427288,0.57823439161446,0.23011058022474007,0.7454124940773993,0.6061398090664483,0.18412019999999993,0.15486608566886473,-8.453707169764227,0.08062819979726595,0.14586093934040048,0.14586093934040048,0.16319236862557546,0.34648572664359856,0.21631926154463588,-0.10966877203290258,0.10786360534710206,0.160215,-0.2184640274416131,0.5847762314745878,-0.10768636254899439,0.002006101200344924,0.20771382431431007,0.5334010134889121,0.258885162196778,3.315376647617976,0.2574148457583547,0.4311662184046629,0.23561029411764703,0.10924209073149432,1.2463549937101732,0.10966877203290258,0.33568084409625637,0.2191124179431072,2.0603769214223076,5.905703459801115,0.8826849125312574,2.0603769214223076,2.5679610649398863,0.27787035985454545,1.5419249999999982,0.34648572664359856,0.9200465893875149,8.418299999999999,-0.15377486001158538,-0.10966877203290258,-0.6583229637271862,0.160215,3,30.17,104B,0.1,25.9,23.07,grain,0.12,0.47,0.04,0.26,24.3,0.95,0.38,4,0
0.08765,0.11594749999999998,0.14144,0.2396975,0.2288075,0.12744250000000001,0.011,8,309.70504633999997,0.9355,12.81,0.269,0.9638000000000001,0.0132,2.19,10.195,0.487,5440,0,0.2269827950596151,0.5799781654891136,0.4644834617646385,0.18157584717377745,0.2724373340526823,0.2540303590189472,0.4644834617646385,-0.5705105951231749,1.0672933870932968,2.5218135507059314,0.9545677364177765,1.0475945937086852,1.9733715690290867,1.6177000848416287,0.8197645644796379,0.9605601658350157,0.0982575,0.01120436985172979,0.17166330354569037,0.15555406741649877,0.0028049999999999464,-0.06511950000000008,0.06792450000000003,0.124685,0.3940520446096655,0.08143561285374304,0.3360431837119153,0.4834693788075635,0.4719910113398198,0.00608479668535841,0.3479593414781595,0.23999069127015685,-0.035587474979128286,2.067293387093297,0.18256992059130528,0.39466067249661285,0.10224117812738903,0.23479855078789996,0.6289003312452854,0.10172249999999994,0.08710650597886237,-0.19616227517381024,0.30575529770659693,-0.1401042061130714,0.445060742844751,0.14755107258001632,0.9545677364177765,0.4231932633455192,0.10172249999999994,0.08710650597886237,-6.718820758810376,0.03809916813116848,0.02324414894184696,0.02324414894184696,0.04268835440463761,0.257800662490571,0.1389874630091233,-0.09904327133213552,0.061794174297333644,0.0982575,-0.4222587511309253,0.40559281656587876,-0.047228727556596545,0.05205805509841657,0.23325487592665234,0.48220626251043586,0.2845388615629118,2.6032909668107225,0.18157584717377745,0.40992645726913746,0.15915667939067868,0.040501729288914885,1.2198624377412193,0.09904327133213552,0.22909976475640326,0.1422848919821524,1.694693863122172,5.802442731900452,0.8847150082271218,1.694693863122172,2.067293387093297,0.17629948191644487,0.8056124999999974,0.257800662490571,0.870517468228278,4.875749999999998,-0.1501877899698065,-0.09904327133213552,-0.7101773021239679,0.0982575,0.2269827950596151,0.5799781654891136,0.4644834617646385,0.18157584717377745,0.2724373340526823,0.2540303590189472,0.4644834617646385,-0.5705105951231749,1.0672933870932968,2.5218135507059314,0.9545677364177765,1.0475945937086852,1.9733715690290867,1.6177000848416287,0.8197645644796379,0.9605601658350157,0.0982575,0.01120436985172979,0.17166330354569037,0.15555406741649877,0.0028049999999999464,-0.06511950000000008,0.06792450000000003,0.124685,0.3940520446096655,0.08143561285374304,0.3360431837119153,0.4834693788075635,0.4719910113398198,0.00608479668535841,0.3479593414781595,0.23999069127015685,-0.035587474979128286,2.067293387093297,0.18256992059130528,0.39466067249661285,0.10224117812738903,0.23479855078789996,0.6289003312452854,0.10172249999999994,0.08710650597886237,-0.19616227517381024,0.30575529770659693,-0.1401042061130714,0.445060742844751,0.14755107258001632,0.9545677364177765,0.4231932633455192,0.10172249999999994,0.08710650597886237,-6.718820758810376,0.03809916813116848,0.02324414894184696,0.02324414894184696,0.04268835440463761,0.257800662490571,0.1389874630091233,-0.09904327133213552,0.061794174297333644,0.0982575,-0.4222587511309253,0.40559281656587876,-0.047228727556596545,0.05205805509841657,0.23325487592665234,0.48220626251043586,0.2845388615629118,2.6032909668107225,0.18157584717377745,0.40992645726913746,0.15915667939067868,0.040501729288914885,1.2198624377412193,0.09904327133213552,0.22909976475640326,0.1422848919821524,1.694693863122172,5.802442731900452,0.8847150082271218,1.694693863122172,2.067293387093297,0.17629948191644487,0.8056124999999974,0.257800662490571,0.870517468228278,4.875749999999998,-0.1501877899698065,-0.09904327133213552,-0.7101773021239679,0.0982575,4,29.27,105A,0.65,28.2,26.1,corn,0.24,0.07,0.5,0.56,25.6,0,2.23,5,3.73
0.08050000000000002,0.11066749999999997,0.12934,0.24992750000000002,0.23851499999999998,0.14391500000000002,0.011,8,309.42135068,0.9355,12.81,0.269,0.9638000000000001,0.0132,2.19,10.157,0.487,5440,0,0.22709755849675245,0.5528993273995371,0.5127524192145024,0.22361351277427252,0.29715860416163636,0.25116416932521085,0.5127524192145024,-0.5261712297764538,1.258364018343236,2.639409059864136,0.9543367576597211,1.0478481437226173,2.155239794881063,1.8440930879851551,0.85563244162672,0.9802639627026953,0.12058750000000001,0.022623710873146602,0.2119709186534409,0.1932066560984809,0.011494999999999922,-0.04597950000000012,0.05747450000000004,0.14309166666666667,0.4807017543859651,0.13321393350638758,0.3452883317863076,0.5775151331930509,0.5077743767192803,0.026659708934887047,0.3861950387553905,0.26750160873615775,0.020247583863165605,2.258364018343236,0.20470455940232038,0.36200294837425867,0.16759225194606497,0.23274876096073194,0.6589742068592748,0.1445169,0.1262243526353426,-0.1546631611923583,0.2691748605089598,-0.11222694080095583,0.44157644883691566,0.18316806668084473,0.9543367576597211,0.544456326678141,0.14451689999999998,0.12622435263534257,-10.317630389690757,0.08042450205482259,0.023365083914688112,0.023365083914688112,0.0467619496361448,0.3179484137185496,0.15780663554212906,-0.07779965209420554,0.07946405216964281,0.12058750000000001,-0.3486701532741279,0.45084209533346414,-0.13059617216422983,-0.053338456752849914,0.22588200475573283,0.5101237919315827,0.26399420331268436,2.706080702515828,0.22361351277427252,0.40354749888848157,0.19580756966799215,0.0810014628161685,1.1687261391103987,0.07779965209420554,0.25469632881160376,0.17485730650508333,1.9323295190969538,6.424366012061234,0.8929383933054749,1.9323295190969538,2.258364018343236,0.21747137131598765,1.1565124999999963,0.3179484137185496,0.9044050053590755,6.488349999999999,-0.11706346096578556,-0.07779965209420554,-0.6761186462367837,0.12058750000000001,0.22709755849675245,0.5528993273995371,0.5127524192145024,0.22361351277427252,0.29715860416163636,0.25116416932521085,0.5127524192145024,-0.5261712297764538,1.258364018343236,2.639409059864136,0.9543367576597211,1.0478481437226173,2.155239794881063,1.8440930879851551,0.85563244162672,0.9802639627026953,0.12058750000000001,0.022623710873146602,0.2119709186534409,0.1932066560984809,0.011494999999999922,-0.04597950000000012,0.05747450000000004,0.14309166666666667,0.4807017543859651,0.13321393350638758,0.3452883317863076,0.5775151331930509,0.5077743767192803,0.026659708934887047,0.3861950387553905,0.26750160873615775,0.020247583863165605,2.258364018343236,0.20470455940232038,0.36200294837425867,0.16759225194606497,0.23274876096073194,0.6589742068592748,0.1445169,0.1262243526353426,-0.1546631611923583,0.2691748605089598,-0.11222694080095583,0.44157644883691566,0.18316806668084473,0.9543367576597211,0.544456326678141,0.14451689999999998,0.12622435263534257,-10.317630389690757,0.08042450205482259,0.023365083914688112,0.023365083914688112,0.0467619496361448,0.3179484137185496,0.15780663554212906,-0.07779965209420554,0.07946405216964281,0.12058750000000001,-0.3486701532741279,0.45084209533346414,-0.13059617216422983,-0.053338456752849914,0.22588200475573283,0.5101237919315827,0.26399420331268436,2.706080702515828,0.22361351277427252,0.40354749888848157,0.19580756966799215,0.0810014628161685,1.1687261391103987,0.07779965209420554,0.25469632881160376,0.17485730650508333,1.9323295190969538,6.424366012061234,0.8929383933054749,1.9323295190969538,2.258364018343236,0.21747137131598765,1.1565124999999963,0.3179484137185496,0.9044050053590755,6.488349999999999,-0.11706346096578556,-0.07779965209420554,-0.6761186462367837,0.12058750000000001,5,25.87,105B,0.52,26,27.53,corn,0.22,0.07,0.22,0.46,26.03,0,1.17,6,1.35
0.11380249999999997,0.158215,0.19938250000000002,0.35222749999999997,0.37134000000000006,0.26585000000000003,0.01,,317.36141114,0.9356000000000001,13.61,0.269,0.9709000000000001,0.0115,2.13,11.311,0.487,5440,0,0.17937546531385012,0.4520279705865681,0.5116086947192241,0.21478759432835395,0.35061717948279403,0.241413873568095,0.5116086947192241,-0.5272915160350343,1.2262585721960622,2.8055304476243177,1.0542618052253163,0.9485309958528569,2.3470593812217557,1.8624503153486391,0.7935250084636314,0.8943794926606186,0.15284499999999995,0.016365037067545274,0.22543460449571268,0.20871961722697113,0.003244999999999998,-0.09773725000000005,0.10098225000000005,0.19509416666666665,0.3878233500540963,0.12849121739060787,0.33562791684344506,0.5146628568632036,0.5211772248507365,0.005153943282799803,0.3800868853984533,0.2893797752976579,-0.007565244954742425,2.226258572196062,0.2568949165559099,0.2254200947732453,0.10556505908755615,0.27325702061082124,0.6385444426315694,0.15587549999999986,0.12263303514377442,-0.22723333435052245,0.13975189195529675,-0.11382141430356589,0.508541549215934,0.20368936561139672,1.0542618052253163,0.4608840220899773,0.1558754999999999,0.12263303514377444,-6.380471172238503,0.039421471843249296,-0.02641425989973304,-0.02641425989973304,-0.0027135145197979367,0.27708888526313874,0.1632707454483628,-0.11512244912226742,0.0975983253340222,0.15284499999999995,-0.232861505485052,0.5390606651482627,-0.2538172214165282,-0.14286942550230264,0.2228929665762688,0.49621737752262884,0.28088965590110243,2.911288785167136,0.21478759432835395,0.42295820958846,0.20579516677522927,0.0490706342527734,1.2601997282179314,0.11512244912226742,0.32526619509832677,0.19701471374894458,1.7665918523441122,4.680588817975499,0.8421425169518153,1.7665918523441122,2.226258572196062,0.2526531664378934,1.223887500000001,0.27708888526313874,0.8815264518227112,7.5239999999999965,-0.16886113332923158,-0.11512244912226742,-0.6997275210166866,0.15284499999999995,0.17937546531385012,0.4520279705865681,0.5116086947192241,0.21478759432835395,0.35061717948279403,0.241413873568095,0.5116086947192241,-0.5272915160350343,1.2262585721960622,2.8055304476243177,1.0542618052253163,0.9485309958528569,2.3470593812217557,1.8624503153486391,0.7935250084636314,0.8943794926606186,0.15284499999999995,0.016365037067545274,0.22543460449571268,0.20871961722697113,0.003244999999999998,-0.09773725000000005,0.10098225000000005,0.19509416666666665,0.3878233500540963,0.12849121739060787,0.33562791684344506,0.5146628568632036,0.5211772248507365,0.005153943282799803,0.3800868853984533,0.2893797752976579,-0.007565244954742425,2.226258572196062,0.2568949165559099,0.2254200947732453,0.10556505908755615,0.27325702061082124,0.6385444426315694,0.15587549999999986,0.12263303514377442,-0.22723333435052245,0.13975189195529675,-0.11382141430356589,0.508541549215934,0.20368936561139672,1.0542618052253163,0.4608840220899773,0.1558754999999999,0.12263303514377444,-6.380471172238503,0.039421471843249296,-0.02641425989973304,-0.02641425989973304,-0.0027135145197979367,0.27708888526313874,0.1632707454483628,-0.11512244912226742,0.0975983253340222,0.15284499999999995,-0.232861505485052,0.5390606651482627,-0.2538172214165282,-0.14286942550230264,0.2228929665762688,0.49621737752262884,0.28088965590110243,2.911288785167136,0.21478759432835395,0.42295820958846,0.20579516677522927,0.0490706342527734,1.2601997282179314,0.11512244912226742,0.32526619509832677,0.19701471374894458,1.7665918523441122,4.680588817975499,0.8421425169518153,1.7665918523441122,2.226258572196062,0.2526531664378934,1.223887500000001,0.27708888526313874,0.8815264518227112,7.5239999999999965,-0.16886113332923158,-0.11512244912226742,-0.6997275210166866,0.15284499999999995,6,28.2,107A,0.23,26.83,29.1,corn,0.36,0.44,0.77,0.12,25.1,0.77,0.32,7,0.33
0.09719250000000001,0.13712249999999998,0.16564,0.331795,0.31304000000000004,0.2131325,0.01,,316.56501248,0.9356000000000001,13.63,0.269,0.9709000000000001,0.0115,2.13,11.199,0.487,5440,0,0.23251908334562277,0.513797125088041,0.5468749089425682,0.25273220926783635,0.3582989832567743,0.2430085884662025,0.5468749089425682,-0.4910026692848158,1.4196977155463184,2.9229246083107605,0.9434741331243691,1.0599124712496804,2.282922204598079,1.8898816710939388,0.8278344602752956,0.979605373109384,0.166155,0.029210753706754522,0.2601551802829758,0.24020126858305324,0.011412499999999937,-0.0667970000000001,0.07820950000000004,0.19847666666666666,0.4797240802675586,0.17219268340075253,0.3428448200422547,0.6009932297051734,0.5592488860850712,0.021249261047055476,0.41515298533324096,0.309535829421188,0.045752354987530705,2.4196977155463184,0.2650557298146425,0.2987731745190266,0.17266393641789593,0.26042251243662784,0.6670117703820599,0.19477589999999995,0.1601322827177771,-0.18672536580491828,0.21775832564882486,-0.08709079266184058,0.4877648676500858,0.232151003928164,0.9434741331243691,0.5788454637037529,0.19477589999999992,0.16013228271777705,-9.234335697430717,0.08103052132792386,0.029084959718377514,0.029084959718377514,0.05315865067965932,0.33402354076411994,0.17041162537609614,-0.09419099128855135,0.11082734070783118,0.166155,-0.20147425609642516,0.5371465303073296,-0.2170133188676822,-0.12538529064280007,0.2160915283484948,0.5228761774937654,0.2610322941577399,3.0126359448213402,0.25273220926783635,0.4141465914915428,0.23558370362922462,0.0774640277827536,1.2079709748582474,0.09419099128855135,0.328347868683246,0.22191948231475822,2.0031091523786526,5.510716010625453,0.8662287479990165,2.0031091523786526,2.4196977155463184,0.28297623358686846,1.3976874999999969,0.33402354076411994,0.9132488931086201,8.828599999999998,-0.13872403560830876,-0.09419099128855135,-0.6662349518030173,0.166155,0.23251908334562277,0.513797125088041,0.5468749089425682,0.25273220926783635,0.3582989832567743,0.2430085884662025,0.5468749089425682,-0.4910026692848158,1.4196977155463184,2.9229246083107605,0.9434741331243691,1.0599124712496804,2.282922204598079,1.8898816710939388,0.8278344602752956,0.979605373109384,0.166155,0.029210753706754522,0.2601551802829758,0.24020126858305324,0.011412499999999937,-0.0667970000000001,0.07820950000000004,0.19847666666666666,0.4797240802675586,0.17219268340075253,0.3428448200422547,0.6009932297051734,0.5592488860850712,0.021249261047055476,0.41515298533324096,0.309535829421188,0.045752354987530705,2.4196977155463184,0.2650557298146425,0.2987731745190266,0.17266393641789593,0.26042251243662784,0.6670117703820599,0.19477589999999995,0.1601322827177771,-0.18672536580491828,0.21775832564882486,-0.08709079266184058,0.4877648676500858,0.232151003928164,0.9434741331243691,0.5788454637037529,0.19477589999999992,0.16013228271777705,-9.234335697430717,0.08103052132792386,0.029084959718377514,0.029084959718377514,0.05315865067965932,0.33402354076411994,0.17041162537609614,-0.09419099128855135,0.11082734070783118,0.166155,-0.20147425609642516,0.5371465303073296,-0.2170133188676822,-0.12538529064280007,0.2160915283484948,0.5228761774937654,0.2610322941577399,3.0126359448213402,0.25273220926783635,0.4141465914915428,0.23558370362922462,0.0774640277827536,1.2079709748582474,0.09419099128855135,0.328347868683246,0.22191948231475822,2.0031091523786526,5.510716010625453,0.8662287479990165,2.0031091523786526,2.4196977155463184,0.28297623358686846,1.3976874999999969,0.33402354076411994,0.9132488931086201,8.828599999999998,-0.13872403560830876,-0.09419099128855135,-0.6662349518030173,0.166155,7,29.3,107B,0.18,27.97,28.83,grain,0.15,0.54,0.12,0.12,25.9,0.87,0.02,8,0.13
0.07335000000000003,0.115975,0.15356750000000002,0.3215925,0.24176000000000003,0.1538425,0.011,,317.83993394000004,0.9356000000000001,12.77,0.269,0.9783000000000001,0.0085,2.07,11.46,0.487,5440,0,0.33675469044117046,0.6139593677758923,0.6285535236141969,0.2645396435543799,0.35762185269569996,0.2139154399702531,0.6285535236141969,-0.39039941995607036,1.7729467557663292,3.671778408416864,0.7517588252213594,1.3302138484447383,2.0845871955162756,1.5742914353622999,0.7552053657186578,1.1068481195970428,0.16802499999999998,0.023381387973640838,0.2481359346318166,0.24853497121121174,0.00503249999999994,-0.0786302500000001,0.08366275000000004,0.207295,0.43871464306330576,0.2588823048730959,0.3382255371581472,0.6286283165671128,0.5675590017193743,0.010967218205691054,0.4699103566878253,0.34409083492659825,0.08805095282803418,2.772946755766329,0.2860630892114631,0.41608235995532683,0.15810417238725005,0.3535095354038361,0.6768088643825237,0.18331169999999988,0.15344715022864694,-0.2736134748809379,0.35283477236635924,-0.07978710160013813,0.6284787190344101,0.2393861482171893,0.7517588252213594,0.6220199444364958,0.18331169999999988,0.15344715022864694,-7.081515829186721,0.07074199290688585,0.1417096755583759,0.1417096755583759,0.15986732986705482,0.3536177287650475,0.22514195167040785,-0.13946780192362995,0.11372080943787354,0.16802499999999998,-0.1951278766118207,0.5706209860565065,-0.1403448627312906,-8.945707686801655E-4,0.1961903795241358,0.5440254764140171,0.2597841440618472,3.8404848210390523,0.2645396435543799,0.44785902287159973,0.24375524379128155,0.0884515325679816,1.3241431342961847,0.13946780192362995,0.3559178962573726,0.22780579733723796,2.0941442688068763,5.877496866198902,0.8850970008104005,2.0941442688068763,2.772946755766329,0.28968120012815024,1.241762499999997,0.3536177287650475,0.9239143514228185,8.577799999999998,-0.19161028071919176,-0.13946780192362995,-0.6536928579216511,0.16802499999999998,0.33675469044117046,0.6139593677758923,0.6285535236141969,0.2645396435543799,0.35762185269569996,0.2139154399702531,0.6285535236141969,-0.39039941995607036,1.7729467557663292,3.671778408416864,0.7517588252213594,1.3302138484447383,2.0845871955162756,1.5742914353622999,0.7552053657186578,1.1068481195970428,0.16802499999999998,0.023381387973640838,0.2481359346318166,0.24853497121121174,0.00503249999999994,-0.0786302500000001,0.08366275000000004,0.207295,0.43871464306330576,0.2588823048730959,0.3382255371581472,0.6286283165671128,0.5675590017193743,0.010967218205691054,0.4699103566878253,0.34409083492659825,0.08805095282803418,2.772946755766329,0.2860630892114631,0.41608235995532683,0.15810417238725005,0.3535095354038361,0.6768088643825237,0.18331169999999988,0.15344715022864694,-0.2736134748809379,0.35283477236635924,-0.07978710160013813,0.6284787190344101,0.2393861482171893,0.7517588252213594,0.6220199444364958,0.18331169999999988,0.15344715022864694,-7.081515829186721,0.07074199290688585,0.1417096755583759,0.1417096755583759,0.15986732986705482,0.3536177287650475,0.22514195167040785,-0.13946780192362995,0.11372080943787354,0.16802499999999998,-0.1951278766118207,0.5706209860565065,-0.1403448627312906,-8.945707686801655E-4,0.1961903795241358,0.5440254764140171,0.2597841440618472,3.8404848210390523,0.2645396435543799,0.44785902287159973,0.24375524379128155,0.0884515325679816,1.3241431342961847,0.13946780192362995,0.3559178962573726,0.22780579733723796,2.0941442688068763,5.877496866198902,0.8850970008104005,2.0941442688068763,2.772946755766329,0.28968120012815024,1.241762499999997,0.3536177287650475,0.9239143514228185,8.577799999999998,-0.19161028071919176,-0.13946780192362995,-0.6536928579216511,0.16802499999999998,8,29.6,108A,0.1,26.4,27.67,grain,0.36,0.09,0.63,0.09,26.1,0,0.02,9,0
0.07574249999999999,0.11864249999999998,0.13901999999999998,0.33520500000000003,0.2320525,0.14391500000000002,0.011,,317.5254761,0.9356000000000001,12.8,0.269,0.9790000000000001,0.0079,2.05,11.422,0.486,5440,0,0.37277926216877255,0.6465416142203666,0.6313762706915118,0.3093302849934961,0.3839928313199998,0.2271786565888334,0.6313762706915118,-0.3864254139095576,1.825336620519629,3.310603678990571,0.6922704016944854,1.4445222525075145,1.9558969172092633,1.669202273054237,0.8534203711696159,1.223069615775893,0.19618500000000005,0.04384202224052719,0.30629857026319185,0.2938919725104609,0.0225225,-0.039560999999999985,0.062083499999999986,0.22407000000000005,0.5477594339622643,0.26590381238316446,0.3558509920367121,0.7064816745200106,0.6106724568933998,0.04982330396695039,0.47717019483416795,0.35279527895772167,0.13079229338764575,2.825336620519629,0.29791639081815674,0.452814127386834,0.24726861735526826,0.29463942727431464,0.7068480151826665,0.2507175000000001,0.2140682613760293,-0.15718887421228203,0.39925279679412257,-0.042605055249119075,0.5422084426250717,0.28275826770357315,0.6922704016944854,0.7640731422006037,0.25071750000000004,0.21406826137602925,-14.035099676450347,0.13620525289158936,0.18184422418390245,0.18184422418390245,0.20155012709375367,0.41369603036533303,0.22069604136121615,-0.07908601368068693,0.13867297785861146,0.19618500000000005,-0.10604405408135688,0.5836113784937729,-0.09625510602439477,-0.017300793468464623,0.20011638350896277,0.5653961466938229,0.23448746979721435,3.3956358689441366,0.3093302849934961,0.4169703513744545,0.2848876194523428,0.1441255914510431,1.1717554839117517,0.07908601368068693,0.3677847687458251,0.266153402635283,2.41119982736297,6.590454610847361,0.8884767149543807,2.41119982736297,2.825336620519629,0.3394896598551411,1.8607874999999998,0.41369603036533303,0.9558744846293016,10.956000000000003,-0.11201352242744061,-0.07908601368068693,-0.6114477470506923,0.19618500000000005,0.37277926216877255,0.6465416142203666,0.6313762706915118,0.3093302849934961,0.3839928313199998,0.2271786565888334,0.6313762706915118,-0.3864254139095576,1.825336620519629,3.310603678990571,0.6922704016944854,1.4445222525075145,1.9558969172092633,1.669202273054237,0.8534203711696159,1.223069615775893,0.19618500000000005,0.04384202224052719,0.30629857026319185,0.2938919725104609,0.0225225,-0.039560999999999985,0.062083499999999986,0.22407000000000005,0.5477594339622643,0.26590381238316446,0.3558509920367121,0.7064816745200106,0.6106724568933998,0.04982330396695039,0.47717019483416795,0.35279527895772167,0.13079229338764575,2.825336620519629,0.29791639081815674,0.452814127386834,0.24726861735526826,0.29463942727431464,0.7068480151826665,0.2507175000000001,0.2140682613760293,-0.15718887421228203,0.39925279679412257,-0.042605055249119075,0.5422084426250717,0.28275826770357315,0.6922704016944854,0.7640731422006037,0.25071750000000004,0.21406826137602925,-14.035099676450347,0.13620525289158936,0.18184422418390245,0.18184422418390245,0.20155012709375367,0.41369603036533303,0.22069604136121615,-0.07908601368068693,0.13867297785861146,0.19618500000000005,-0.10604405408135688,0.5836113784937729,-0.09625510602439477,-0.017300793468464623,0.20011638350896277,0.5653961466938229,0.23448746979721435,3.3956358689441366,0.3093302849934961,0.4169703513744545,0.2848876194523428,0.1441255914510431,1.1717554839117517,0.07908601368068693,0.3677847687458251,0.266153402635283,2.41119982736297,6.590454610847361,0.8884767149543807,2.41119982736297,2.825336620519629,0.3394896598551411,1.8607874999999998,0.41369603036533303,0.9558744846293016,10.956000000000003,-0.11201352242744061,-0.07908601368068693,-0.6114477470506923,0.19618500000000005,9,30.73,108B,0.08,27.07,27,grain,0.42,0.07,0.81,0.08,25.33,0.03,0.01,10,0
0.07568750000000002,0.11325249999999998,0.11960500000000002,0.27033250000000003,0.228725,0.14058749999999998,0.01,4,306.03409286,0.9352,13.24,0.27,0.9793000000000001,0.008,2.0100000000000002,9.86,0.489,5440,0,0.283352836875224,0.5872675696602949,0.5625252875556326,0.2740811455847255,0.32980414380780376,0.24530457469736996,0.5625252875556326,-0.4736555175074169,1.3869892496854384,2.5208790023057053,0.8460876883097667,1.181910591321456,2.0196022162866165,1.912336440784248,0.94688767192007,1.1012114948468406,0.15072750000000001,0.040228060131795695,0.26530809816544854,0.24195614506244287,0.03121249999999992,-0.011021500000000128,0.04223400000000005,0.1674841666666667,0.5630045149815297,0.17722049545748988,0.3670534281871363,0.6725901857168162,0.5538269417828449,0.07399877903496327,0.4095050640666346,0.28897044620436557,0.07447485045410289,2.3869892496854384,0.22706230553236706,0.39505951932494554,0.24618824261562045,0.22488062777628423,0.6932713575893573,0.20713769999999995,0.1839683912768254,-0.05452068991713535,0.3157427236445051,-0.07801783821391864,0.42811112101038157,0.2300018969834301,0.8460876883097667,0.6979435959842671,0.20713769999999995,0.1839683912768254,-34.667523916254474,0.1439605618247647,0.08337215651503087,0.08337215651503087,0.10758984769909789,0.3865427151787145,0.19881973113157594,-0.02728063300516427,0.10449505855104986,0.15072750000000001,-0.24145844982905604,0.5082573158144335,-0.10768594390167036,-0.08064221682023871,0.22506905940102143,0.5372374252270514,0.23769351537192712,2.5429876255377937,0.2740811455847255,0.38764199711549374,0.24137650486760245,0.1724745878935324,1.056091477009338,0.02728063300516427,0.2892156134381362,0.21688385269121815,2.260210693532879,7.117867146022323,0.8969442611101188,2.260210693532879,2.3869892496854384,0.27165391590628074,2.031562499999996,0.3865427151787145,0.9415639729613249,8.789549999999998,-0.04041801870586015,-0.02728063300516427,-0.631293335811086,0.15072750000000001,0.283352836875224,0.5872675696602949,0.5625252875556326,0.2740811455847255,0.32980414380780376,0.24530457469736996,0.5625252875556326,-0.4736555175074169,1.3869892496854384,2.5208790023057053,0.8460876883097667,1.181910591321456,2.0196022162866165,1.912336440784248,0.94688767192007,1.1012114948468406,0.15072750000000001,0.040228060131795695,0.26530809816544854,0.24195614506244287,0.03121249999999992,-0.011021500000000128,0.04223400000000005,0.1674841666666667,0.5630045149815297,0.17722049545748988,0.3670534281871363,0.6725901857168162,0.5538269417828449,0.07399877903496327,0.4095050640666346,0.28897044620436557,0.07447485045410289,2.3869892496854384,0.22706230553236706,0.39505951932494554,0.24618824261562045,0.22488062777628423,0.6932713575893573,0.20713769999999995,0.1839683912768254,-0.05452068991713535,0.3157427236445051,-0.07801783821391864,0.42811112101038157,0.2300018969834301,0.8460876883097667,0.6979435959842671,0.20713769999999995,0.1839683912768254,-34.667523916254474,0.1439605618247647,0.08337215651503087,0.08337215651503087,0.10758984769909789,0.3865427151787145,0.19881973113157594,-0.02728063300516427,0.10449505855104986,0.15072750000000001,-0.24145844982905604,0.5082573158144335,-0.10768594390167036,-0.08064221682023871,0.22506905940102143,0.5372374252270514,0.23769351537192712,2.5429876255377937,0.2740811455847255,0.38764199711549374,0.24137650486760245,0.1724745878935324,1.056091477009338,0.02728063300516427,0.2892156134381362,0.21688385269121815,2.260210693532879,7.117867146022323,0.8969442611101188,2.260210693532879,2.3869892496854384,0.27165391590628074,2.031562499999996,0.3865427151787145,0.9415639729613249,8.789549999999998,-0.04041801870586015,-0.02728063300516427,-0.631293335811086,0.15072750000000001,10,21.2,110A,0.44,22.8,23.8,corn,0.35,0.1,0.59,0.13,16.83,0.03,0.05,11,0.86
0.06608999999999998,0.09999750000000002,0.10505750000000003,0.33845,0.235215,0.11751499999999998,0.01,4,304.99501478,0.9352,13.25,0.27,0.9818,0.0073,1.99,9.748,0.489,5440,0,0.37109804718286843,0.704147076779769,0.6732585158451575,0.38672675981657223,0.41348413343064777,0.24374412214866575,0.6732585158451575,-0.3226597288237353,2.3845846146153646,3.55584887772148,0.6949771014920963,1.4388963288905894,2.35220880522013,2.2389167836660873,0.95183589938843,1.2885187606991453,0.23339249999999995,0.0656507907742998,0.39608534946236545,0.36683368037480474,0.028847500000000026,-0.0077297500000000074,0.03657725000000003,0.24806833333333328,0.7190721649484533,0.3416247553452419,0.36879713806266023,0.8242300266656187,0.6701386731012505,0.07772621028311234,0.5438564480353976,0.39845182743682606,0.24543472461154897,3.3845846146153646,0.3315414709261199,0.522488345646003,0.40297424737032983,0.22768372310434007,0.7631212549956877,0.32819159999999986,0.2974685685938382,-0.04932257920402714,0.4845437698068931,0.015563884170362077,0.4329246835322035,0.3524320965231835,0.6949771014920963,1.0812419344096433,0.32819159999999986,0.2974685685938382,-60.75296480277716,0.23806720402108036,0.17995694351232858,0.17995694351232858,0.20735022832903097,0.5262425099913755,0.2041544366674195,-0.024676306356831133,0.17810677750658102,0.23339249999999995,0.04321788436446945,0.4839416858489531,-0.08053560140221809,-0.055970526457670894,0.18398634787168475,0.6227173623057745,0.19329628982254077,3.5840442454335846,0.38672675981657223,0.387458739788674,0.35045834989790453,0.18038687925837787,1.0506012650316259,0.024676306356831133,0.38782804334515214,0.32336860044024707,3.2215691407086586,8.751873973776263,0.909455160168621,3.2215691407086586,3.3845846146153646,0.41269651032367277,1.8573500000000018,0.5262425099913755,1.0130362826628547,13.801149999999996,-0.03641204619868317,-0.024676306356831133,-0.5126797573837765,0.23339249999999995,0.37109804718286843,0.704147076779769,0.6732585158451575,0.38672675981657223,0.41348413343064777,0.24374412214866575,0.6732585158451575,-0.3226597288237353,2.3845846146153646,3.55584887772148,0.6949771014920963,1.4388963288905894,2.35220880522013,2.2389167836660873,0.95183589938843,1.2885187606991453,0.23339249999999995,0.0656507907742998,0.39608534946236545,0.36683368037480474,0.028847500000000026,-0.0077297500000000074,0.03657725000000003,0.24806833333333328,0.7190721649484533,0.3416247553452419,0.36879713806266023,0.8242300266656187,0.6701386731012505,0.07772621028311234,0.5438564480353976,0.39845182743682606,0.24543472461154897,3.3845846146153646,0.3315414709261199,0.522488345646003,0.40297424737032983,0.22768372310434007,0.7631212549956877,0.32819159999999986,0.2974685685938382,-0.04932257920402714,0.4845437698068931,0.015563884170362077,0.4329246835322035,0.3524320965231835,0.6949771014920963,1.0812419344096433,0.32819159999999986,0.2974685685938382,-60.75296480277716,0.23806720402108036,0.17995694351232858,0.17995694351232858,0.20735022832903097,0.5262425099913755,0.2041544366674195,-0.024676306356831133,0.17810677750658102,0.23339249999999995,0.04321788436446945,0.4839416858489531,-0.08053560140221809,-0.055970526457670894,0.18398634787168475,0.6227173623057745,0.19329628982254077,3.5840442454335846,0.38672675981657223,0.387458739788674,0.35045834989790453,0.18038687925837787,1.0506012650316259,0.024676306356831133,0.38782804334515214,0.32336860044024707,3.2215691407086586,8.751873973776263,0.909455160168621,3.2215691407086586,3.3845846146153646,0.41269651032367277,1.8573500000000018,0.5262425099913755,1.0130362826628547,13.801149999999996,-0.03641204619868317,-0.024676306356831133,-0.5126797573837765,0.23339249999999995,11,21.27,110B,0.47,21.43,24.53,alfalfa,0.43,0.13,0.93,0.12,16.57,0.06,0.03,12,0.91
0.05893999999999999,0.0867425,0.0808025,0.43024500000000004,0.22550750000000003,0.11751499999999998,0.01,4,307.0321547,0.9352,13.65,0.27,0.9851000000000001,0.006900000000000001,1.97,10.046,0.489,5440,0,0.48596061735516827,0.7596842551929696,0.7590277706798042,0.5207418252806246,0.5170114128178688,0.2602379848555092,0.7590277706798042,-0.15608863869287826,3.9600253624232646,4.620370053286519,0.5241374100803031,1.9078966331496734,2.5997348473931465,2.7908480554438295,1.0735125769623464,1.687791779569717,0.34944250000000004,0.10780235584843495,0.593075573146143,0.5378782468102189,0.03374250000000001,0.015441750000000004,0.018300750000000005,0.35475000000000007,0.880325154297757,0.49409430874545845,0.38299445879418065,0.9318612953164433,0.8136022107228773,0.10772521569785543,0.6644309581953143,0.5073985856459684,0.43945198146506304,4.960025362423265,0.45287452928913396,0.5881304660357016,0.6147004184571504,0.15644846771740886,0.8418884741633604,0.5124636,0.47729512160207,0.0708173115056985,0.5709252227252812,0.16479527202825903,0.3054214035783858,0.5222367157397414,0.5241374100803031,1.7196208047008947,0.5124636,0.47729512160207,69.68926880270232,0.40014629707840327,0.3122176430894278,0.3122176430894278,0.34182777623572774,0.6837769483267211,0.1908431005783125,0.03545316183711839,0.29419161313283015,0.34944250000000004,0.3922642293776302,0.5987180380408276,-0.15065542268949725,-0.18511982048987097,0.14510530453838302,0.7197259907325315,0.13516870472908546,4.568226391065722,0.5207418252806246,0.3567675563503102,0.48881563627369806,0.22477543377921622,0.9315214571865003,-0.03545316183711839,0.49866873491204927,0.46251689639141064,5.324649608613595,12.515021193651187,0.9244280865186222,5.324649608613595,4.960025362423265,0.5989315465958964,1.8760500000000004,0.6837769483267211,1.0880151415889032,21.204150000000006,0.05469361447447171,0.03545316183711839,-0.30508693580559965,0.34944250000000004,0.48596061735516827,0.7596842551929696,0.7590277706798042,0.5207418252806246,0.5170114128178688,0.2602379848555092,0.7590277706798042,-0.15608863869287826,3.9600253624232646,4.620370053286519,0.5241374100803031,1.9078966331496734,2.5997348473931465,2.7908480554438295,1.0735125769623464,1.687791779569717,0.34944250000000004,0.10780235584843495,0.593075573146143,0.5378782468102189,0.03374250000000001,0.015441750000000004,0.018300750000000005,0.35475000000000007,0.880325154297757,0.49409430874545845,0.38299445879418065,0.9318612953164433,0.8136022107228773,0.10772521569785543,0.6644309581953143,0.5073985856459684,0.43945198146506304,4.960025362423265,0.45287452928913396,0.5881304660357016,0.6147004184571504,0.15644846771740886,0.8418884741633604,0.5124636,0.47729512160207,0.0708173115056985,0.5709252227252812,0.16479527202825903,0.3054214035783858,0.5222367157397414,0.5241374100803031,1.7196208047008947,0.5124636,0.47729512160207,69.68926880270232,0.40014629707840327,0.3122176430894278,0.3122176430894278,0.34182777623572774,0.6837769483267211,0.1908431005783125,0.03545316183711839,0.29419161313283015,0.34944250000000004,0.3922642293776302,0.5987180380408276,-0.15065542268949725,-0.18511982048987097,0.14510530453838302,0.7197259907325315,0.13516870472908546,4.568226391065722,0.5207418252806246,0.3567675563503102,0.48881563627369806,0.22477543377921622,0.9315214571865003,-0.03545316183711839,0.49866873491204927,0.46251689639141064,5.324649608613595,12.515021193651187,0.9244280865186222,5.324649608613595,4.960025362423265,0.5989315465958964,1.8760500000000004,0.6837769483267211,1.0880151415889032,21.204150000000006,0.05469361447447171,0.03545316183711839,-0.30508693580559965,0.34944250000000004,12,26.9,111A,0.13,24.67,25.23,alfalfa,0.15,0.26,0.06,0.5,25.07,0.43,0.94,13,0.04
0.07087500000000002,0.10269250000000002,0.10995250000000001,0.38272500000000004,0.248195,0.13731500000000002,0.01,4,309.42135068,0.9352,13.66,0.27,0.9830000000000001,0.006900000000000001,1.98,10.343,0.489,5440,0,0.40055407379270486,0.6957901557991283,0.6875,0.41792845624370384,0.4529325511616391,0.24998236455981945,0.6875,-0.29870129870129875,2.7269031331402,3.9903821286520222,0.6484943497289176,1.5420334817381496,2.4168756238284193,2.2572929219435665,0.9339714876878653,1.3553563824960388,0.27277250000000003,0.07578093904448108,0.45134780946833886,0.4141422898304457,0.02455750000000001,-0.015688249999999987,0.04024575,0.28821833333333335,0.7550844536366771,0.37598475622087296,0.3622054881489842,0.8475158425075744,0.716856858932065,0.06358546137165422,0.5768899967553703,0.4338780711709862,0.2856710952852848,3.7269031331402,0.37704214471688935,0.5084213486657085,0.4394787072994143,0.21610374528210577,0.7768266259368451,0.3814668000000001,0.33900626973906256,-0.06820331855029454,0.47190600723021303,0.05814235367826611,0.41292361551935375,0.39934272309589175,0.6484943497289176,1.1719704603701147,0.3814668000000001,0.33900626973906256,-48.653253903922696,0.256288612469601,0.21322830152792752,0.21322830152792752,0.24040718154354493,0.5536532518736902,0.18331484868999087,-0.03414140939123886,0.2118969408233581,0.27277250000000003,0.14243962788799847,0.5507338864071475,-0.14425590866952073,-0.11065950842710832,0.17248517728471371,0.6428355476426424,0.1846792750726439,4.03423420997573,0.41792845624370384,0.38781214729119634,0.38861469561342654,0.1501129402441396,1.0706964968230395,0.03414140939123886,0.4290726472206935,0.3654808222137736,3.4808212637275187,8.764921215979626,0.9053354843415574,3.4808212637275187,3.7269031331402,0.4704432105000578,1.6549500000000004,0.5536532518736902,1.026476133124239,16.075950000000002,-0.051209705861606745,-0.03414140939123886,-0.4835891381345926,0.27277250000000003,0.40055407379270486,0.6957901557991283,0.6875,0.41792845624370384,0.4529325511616391,0.24998236455981945,0.6875,-0.29870129870129875,2.7269031331402,3.9903821286520222,0.6484943497289176,1.5420334817381496,2.4168756238284193,2.2572929219435665,0.9339714876878653,1.3553563824960388,0.27277250000000003,0.07578093904448108,0.45134780946833886,0.4141422898304457,0.02455750000000001,-0.015688249999999987,0.04024575,0.28821833333333335,0.7550844536366771,0.37598475622087296,0.3622054881489842,0.8475158425075744,0.716856858932065,0.06358546137165422,0.5768899967553703,0.4338780711709862,0.2856710952852848,3.7269031331402,0.37704214471688935,0.5084213486657085,0.4394787072994143,0.21610374528210577,0.7768266259368451,0.3814668000000001,0.33900626973906256,-0.06820331855029454,0.47190600723021303,0.05814235367826611,0.41292361551935375,0.39934272309589175,0.6484943497289176,1.1719704603701147,0.3814668000000001,0.33900626973906256,-48.653253903922696,0.256288612469601,0.21322830152792752,0.21322830152792752,0.24040718154354493,0.5536532518736902,0.18331484868999087,-0.03414140939123886,0.2118969408233581,0.27277250000000003,0.14243962788799847,0.5507338864071475,-0.14425590866952073,-0.11065950842710832,0.17248517728471371,0.6428355476426424,0.1846792750726439,4.03423420997573,0.41792845624370384,0.38781214729119634,0.38861469561342654,0.1501129402441396,1.0706964968230395,0.03414140939123886,0.4290726472206935,0.3654808222137736,3.4808212637275187,8.764921215979626,0.9053354843415574,3.4808212637275187,3.7269031331402,0.4704432105000578,1.6549500000000004,0.5536532518736902,1.026476133124239,16.075950000000002,-0.051209705861606745,-0.03414140939123886,-0.4835891381345926,0.27277250000000003,13,27.07,111B,0.14,23,24.93,alfalfa,0.15,0.26,0.03,0.54,25.23,0.45,1.37,14,0.07
0.04211000000000001,0.07082,0.04675750000000001,0.5624374999999999,0.20939249999999998,0.09119749999999999,0.011,8,305.6991269,0.9356000000000001,12.49,0.269,0.9878,0.008,2.0300000000000002,9.897,0.487,5440,0,0.6055043089030967,0.8500130543203632,0.8606891931568653,0.6704151743056052,0.6514573446625489,0.2637025440313112,0.8606891931568653,0.1437032141631609,6.941789042643321,5.243408658025913,0.3722946994110457,2.686044151533603,2.9566859644168315,4.47826551890071,1.5146233224616368,2.472213546749951,0.5156799999999999,0.16984693163097198,0.8441827381917056,0.7698299739856942,0.05277249999999997,0.06280774999999995,-0.010035249999999982,0.5092083333333333,0.9812700875540284,0.6655746686063514,0.443491193737769,0.9862724559200422,0.9758453676822361,0.22894049000574807,0.7763311133306751,0.6197451647163752,0.6541914516591545,7.941789042643321,0.6020085626424492,0.7125323957680302,0.8325140406537507,0.05229695895574871,0.9232470719556135,0.7801166999999997,0.7431869080538487,0.3928509060488331,0.7209528253535994,0.3955391952119386,0.10430863671947138,0.7503262355345053,0.3722946994110457,3.0554591501500057,0.7801166999999999,0.743186908053849,23.129349513755507,0.6449183091084132,0.45741290180480154,0.45741290180480154,0.4887835815907666,0.846494143911227,0.25422828300717243,0.20465225064319267,0.4761000500660707,0.5156799999999999,0.7424492173755074,0.6526906957866395,-0.12577345039887664,-0.32213402921242423,0.10414476151261369,0.8270957258295772,0.06875951265780904,4.906422739306314,0.6704151743056052,0.29280626223091977,0.6606966778576547,0.4361864545517414,0.6602301609714771,-0.20465225064319267,0.64856602874019,0.6409167316577543,12.028818906057849,24.454632946586102,0.9466867453732082,12.028818906057849,7.941789042643321,0.8326119485179866,2.5647874999999987,0.846494143911227,1.1603853428543585,31.903299999999994,0.3188458608010069,0.20465225064319267,0.09209839686411561,0.5156799999999999,0.6055043089030967,0.8500130543203632,0.8606891931568653,0.6704151743056052,0.6514573446625489,0.2637025440313112,0.8606891931568653,0.1437032141631609,6.941789042643321,5.243408658025913,0.3722946994110457,2.686044151533603,2.9566859644168315,4.47826551890071,1.5146233224616368,2.472213546749951,0.5156799999999999,0.16984693163097198,0.8441827381917056,0.7698299739856942,0.05277249999999997,0.06280774999999995,-0.010035249999999982,0.5092083333333333,0.9812700875540284,0.6655746686063514,0.443491193737769,0.9862724559200422,0.9758453676822361,0.22894049000574807,0.7763311133306751,0.6197451647163752,0.6541914516591545,7.941789042643321,0.6020085626424492,0.7125323957680302,0.8325140406537507,0.05229695895574871,0.9232470719556135,0.7801166999999997,0.7431869080538487,0.3928509060488331,0.7209528253535994,0.3955391952119386,0.10430863671947138,0.7503262355345053,0.3722946994110457,3.0554591501500057,0.7801166999999999,0.743186908053849,23.129349513755507,0.6449183091084132,0.45741290180480154,0.45741290180480154,0.4887835815907666,0.846494143911227,0.25422828300717243,0.20465225064319267,0.4761000500660707,0.5156799999999999,0.7424492173755074,0.6526906957866395,-0.12577345039887664,-0.32213402921242423,0.10414476151261369,0.8270957258295772,0.06875951265780904,4.906422739306314,0.6704151743056052,0.29280626223091977,0.6606966778576547,0.4361864545517414,0.6602301609714771,-0.20465225064319267,0.64856602874019,0.6409167316577543,12.028818906057849,24.454632946586102,0.9466867453732082,12.028818906057849,7.941789042643321,0.8326119485179866,2.5647874999999987,0.846494143911227,1.1603853428543585,31.903299999999994,0.3188458608010069,0.20465225064319267,0.09209839686411561,0.5156799999999999,14,31.33,113A,0.17,28.13,27.1,alfalfa,0.14,0.07,0.06,0.06,24.93,0.13,0.03,15,0.1
0.037325,0.07082,0.04430999999999999,0.5624374999999999,0.21263749999999998,0.09119749999999999,0.011,8,304.83778586,0.9356000000000001,12.52,0.269,0.9879,0.008,2.0300000000000002,9.785,0.487,5440,0,0.6006115727115914,0.8500130543203632,0.8755340655676204,0.6757472309984709,0.6530443124762157,0.24482634219933752,0.8755340655676204,0.20219090241132856,6.941789042643321,4.968944824619111,0.37806422935881767,2.6450532008700254,3.002506354137249,4.7988603024148055,1.598284811554954,2.4645404216814715,0.5181275,0.172294431630972,0.8365746660983233,0.7762063217982701,0.060005,0.07322200000000001,-0.013217000000000007,0.5116191666666666,0.9719816888202525,0.6774595221318779,0.4645305172017973,0.9876633345281272,0.9789374412266126,0.26874930019034826,0.7763311133306751,0.6197451647163752,0.6601666992587455,7.941789042643321,0.6020085626424492,0.7125323957680302,0.8328424843070882,0.08556379004103623,0.9269712689380674,0.7874591999999999,0.7565087965524934,0.4373352280107529,0.7209528253535994,0.39984823844049633,0.1698838329913296,0.7582690575108918,0.37806422935881767,3.1599613490797807,0.7874591999999999,0.7565087965524934,21.00558855548261,0.6603484159690296,0.45131116343579647,0.45131116343579647,0.4835298349570998,0.8539425378761347,0.3097230570067964,0.23026144358551212,0.48028930614670845,0.5181275,0.7542742345735316,0.6448486753841148,-0.12577345039887664,-0.34601405826245785,0.10452095178709134,0.8300833496293728,0.06539569858353596,4.609772648676275,0.6757472309984709,0.2906431405988652,0.6651699875170384,0.5040378901481475,0.6256707144874328,-0.23026144358551212,0.6564880724482539,0.6449395440167169,12.693240803430378,25.8054051004288,0.9490713489584449,12.693240803430378,7.941789042643321,0.8377523213769884,2.93755,0.8539425378761347,1.1635903651526747,32.14805,0.34072360388149875,0.23026144358551212,0.11868030779558206,0.5181275,0.6006115727115914,0.8500130543203632,0.8755340655676204,0.6757472309984709,0.6530443124762157,0.24482634219933752,0.8755340655676204,0.20219090241132856,6.941789042643321,4.968944824619111,0.37806422935881767,2.6450532008700254,3.002506354137249,4.7988603024148055,1.598284811554954,2.4645404216814715,0.5181275,0.172294431630972,0.8365746660983233,0.7762063217982701,0.060005,0.07322200000000001,-0.013217000000000007,0.5116191666666666,0.9719816888202525,0.6774595221318779,0.4645305172017973,0.9876633345281272,0.9789374412266126,0.26874930019034826,0.7763311133306751,0.6197451647163752,0.6601666992587455,7.941789042643321,0.6020085626424492,0.7125323957680302,0.8328424843070882,0.08556379004103623,0.9269712689380674,0.7874591999999999,0.7565087965524934,0.4373352280107529,0.7209528253535994,0.39984823844049633,0.1698838329913296,0.7582690575108918,0.37806422935881767,3.1599613490797807,0.7874591999999999,0.7565087965524934,21.00558855548261,0.6603484159690296,0.45131116343579647,0.45131116343579647,0.4835298349570998,0.8539425378761347,0.3097230570067964,0.23026144358551212,0.48028930614670845,0.5181275,0.7542742345735316,0.6448486753841148,-0.12577345039887664,-0.34601405826245785,0.10452095178709134,0.8300833496293728,0.06539569858353596,4.609772648676275,0.6757472309984709,0.2906431405988652,0.6651699875170384,0.5040378901481475,0.6256707144874328,-0.23026144358551212,0.6564880724482539,0.6449395440167169,12.693240803430378,25.8054051004288,0.9490713489584449,12.693240803430378,7.941789042643321,0.8377523213769884,2.93755,0.8539425378761347,1.1635903651526747,32.14805,0.34072360388149875,0.23026144358551212,0.11868030779558206,0.5181275,15,30.7,113B,0.17,29.27,26.93,alfalfa,0.17,0.1,0.08,0.06,24.8,0.11,0.03,16,0.13
0.07574249999999999,0.11066749999999997,0.11963249999999997,0.4405575,0.296815,0.17028749999999998,0.011,4,314.07669392,0.9356000000000001,12.15,0.269,0.9825,0.0074,2.05,10.976,0.486,5440,0,0.3844096538422016,0.6760755276880167,0.7065950029052877,0.4456115747233369,0.49929442496811666,0.24749013617389742,0.7065950029052877,-0.26450094220908893,2.980911288318613,4.303398646393715,0.6737259041101332,1.4842831393292117,2.6820430569046927,2.4810565690761295,0.925062169560947,1.3236362326583784,0.320925,0.08886070016474468,0.5045090223678635,0.46438842247864254,0.025959999999999983,-0.018894750000000016,0.04485475,0.33854333333333336,0.7651559741024133,0.40535992694996165,0.36160827336072604,0.8626512512627325,0.7654496526621895,0.06229752105780996,0.5984670506598939,0.4638335266617456,0.3134160384284294,3.980911288318613,0.42532836951441605,0.47926714966921863,0.4586064759634486,0.2246449136276391,0.7864429925560971,0.4481465999999999,0.3843146227184061,-0.07773717281660585,0.4424526680254402,0.11335477497588914,0.42770552376799587,0.447811712797055,0.6737259041101332,1.2396848240489566,0.4481466,0.38431462271840616,-45.78984536777493,0.27081298453650443,0.1949387860274149,0.1949387860274149,0.2243587806227782,0.5728859851121941,0.18735582854997043,-0.03892748588797222,0.25238921738606546,0.320925,0.23733775753265096,0.5537617817434775,-0.21220480148066423,-0.17472061258278151,0.16496424352414632,0.6567080192142147,0.178327737261639,4.357367918875407,0.4456115747233369,0.39090159046537654,0.42878133678150093,0.14951882703313688,1.0810084261413695,0.03892748588797222,0.48119105717865857,0.41139220223177947,3.682590433201681,8.539130253066684,0.8977878345020903,3.682590433201681,3.980911288318613,0.5336498645393761,1.781724999999999,0.5728859851121941,1.0358020974646625,18.896900000000002,-0.058004302605826334,-0.03892748588797222,-0.4617115156402489,0.320925,0.3844096538422016,0.6760755276880167,0.7065950029052877,0.4456115747233369,0.49929442496811666,0.24749013617389742,0.7065950029052877,-0.26450094220908893,2.980911288318613,4.303398646393715,0.6737259041101332,1.4842831393292117,2.6820430569046927,2.4810565690761295,0.925062169560947,1.3236362326583784,0.320925,0.08886070016474468,0.5045090223678635,0.46438842247864254,0.025959999999999983,-0.018894750000000016,0.04485475,0.33854333333333336,0.7651559741024133,0.40535992694996165,0.36160827336072604,0.8626512512627325,0.7654496526621895,0.06229752105780996,0.5984670506598939,0.4638335266617456,0.3134160384284294,3.980911288318613,0.42532836951441605,0.47926714966921863,0.4586064759634486,0.2246449136276391,0.7864429925560971,0.4481465999999999,0.3843146227184061,-0.07773717281660585,0.4424526680254402,0.11335477497588914,0.42770552376799587,0.447811712797055,0.6737259041101332,1.2396848240489566,0.4481466,0.38431462271840616,-45.78984536777493,0.27081298453650443,0.1949387860274149,0.1949387860274149,0.2243587806227782,0.5728859851121941,0.18735582854997043,-0.03892748588797222,0.25238921738606546,0.320925,0.23733775753265096,0.5537617817434775,-0.21220480148066423,-0.17472061258278151,0.16496424352414632,0.6567080192142147,0.178327737261639,4.357367918875407,0.4456115747233369,0.39090159046537654,0.42878133678150093,0.14951882703313688,1.0810084261413695,0.03892748588797222,0.48119105717865857,0.41139220223177947,3.682590433201681,8.539130253066684,0.8977878345020903,3.682590433201681,3.980911288318613,0.5336498645393761,1.781724999999999,0.5728859851121941,1.0358020974646625,18.896900000000002,-0.058004302605826334,-0.03892748588797222,-0.4617115156402489,0.320925,16,29.7,117A,0.11,30.5,27.03,alfalfa,0.37,0.27,0.52,0.13,26.93,0.33,0.07,17,0.02
0.08050000000000002,0.12392249999999999,0.14146750000000002,0.45417,0.32921000000000006,0.18346,0.011,4,314.94145298,0.9357000000000001,12.18,0.269,0.9817,0.0074,2.06,11.087,0.486,5440,0,0.3528064545819292,0.663931122916285,0.6988796827949951,0.4138260740103554,0.49587115474418136,0.23273294978172254,0.6988796827949951,-0.27862004336189716,2.6649518852508627,4.183837324349707,0.7248607349670829,1.3795753470429208,2.6565797171619367,2.3271069326877196,0.8759785816530297,1.2282135857354557,0.3127025,0.0803867133443163,0.4600663537789285,0.43583639220111364,0.025877499999999942,-0.0341077500000001,0.059985250000000045,0.33887333333333336,0.6883171657528468,0.37921400562563345,0.3582714157680187,0.823115175029924,0.7438185992661578,0.05508048423573222,0.5712710336148628,0.4474337566090971,0.2623547723608872,3.6649518852508627,0.41854010458829255,0.4629040560695855,0.3833887953944913,0.27466858886999224,0.7624939665484459,0.42292139999999984,0.34878364132176365,-0.1316451419512997,0.4245565610150087,0.09616541826673876,0.5108009096531675,0.4202829436856519,0.7248607349670829,1.0772388259224894,0.4229213999999999,0.34878364132176365,-23.68594485769378,0.2212549109833538,0.159513901299497,0.159513901299497,0.18798478823890605,0.524987933096892,0.2124154630728025,-0.06611025283544983,0.23843376957461543,0.3127025,0.18635555965727837,0.5141018802507,-0.1936918985303328,-0.12923652199336771,0.17221982878425704,0.6311773861804436,0.19660278503529938,4.273422497067742,0.4138260740103554,0.40899563445025877,0.4051728509528135,0.14838901340590344,1.1415804232484015,0.06611025283544983,0.4869711403754553,0.3919467924262246,3.2104193542686477,7.317369713891882,0.8843353794843759,3.2104193542686477,3.6649518852508627,0.5094385615121805,1.9912749999999972,0.524987933096892,1.01241687712962,18.060349999999996,-0.09489426145275587,-0.06611025283544983,-0.5139564811420957,0.3127025,0.3528064545819292,0.663931122916285,0.6988796827949951,0.4138260740103554,0.49587115474418136,0.23273294978172254,0.6988796827949951,-0.27862004336189716,2.6649518852508627,4.183837324349707,0.7248607349670829,1.3795753470429208,2.6565797171619367,2.3271069326877196,0.8759785816530297,1.2282135857354557,0.3127025,0.0803867133443163,0.4600663537789285,0.43583639220111364,0.025877499999999942,-0.0341077500000001,0.059985250000000045,0.33887333333333336,0.6883171657528468,0.37921400562563345,0.3582714157680187,0.823115175029924,0.7438185992661578,0.05508048423573222,0.5712710336148628,0.4474337566090971,0.2623547723608872,3.6649518852508627,0.41854010458829255,0.4629040560695855,0.3833887953944913,0.27466858886999224,0.7624939665484459,0.42292139999999984,0.34878364132176365,-0.1316451419512997,0.4245565610150087,0.09616541826673876,0.5108009096531675,0.4202829436856519,0.7248607349670829,1.0772388259224894,0.4229213999999999,0.34878364132176365,-23.68594485769378,0.2212549109833538,0.159513901299497,0.159513901299497,0.18798478823890605,0.524987933096892,0.2124154630728025,-0.06611025283544983,0.23843376957461543,0.3127025,0.18635555965727837,0.5141018802507,-0.1936918985303328,-0.12923652199336771,0.17221982878425704,0.6311773861804436,0.19660278503529938,4.273422497067742,0.4138260740103554,0.40899563445025877,0.4051728509528135,0.14838901340590344,1.1415804232484015,0.06611025283544983,0.4869711403754553,0.3919467924262246,3.2104193542686477,7.317369713891882,0.8843353794843759,3.2104193542686477,3.6649518852508627,0.5094385615121805,1.9912749999999972,0.524987933096892,1.01241687712962,18.060349999999996,-0.09489426145275587,-0.06611025283544983,-0.5139564811420957,0.3127025,17,30.37,117B,0.08,30.63,26.9,alfalfa,0.27,0.19,0.35,0.08,25.57,0.12,0.04,18,0.01
0.05654749999999997,0.08410250000000002,0.073515,0.4539775,0.2060925,0.09447,0.01,,306.80656538,0.9353,13.620000000000001,0.269,0.9843000000000001,0.0229,2.52,10.009,0.488,5440,0,0.5389105617293465,0.8115170711025763,0.778473140394692,0.553406037156769,0.5429104397328037,0.2640370742184763,0.778473140394692,-0.10936998045519507,4.397907315478135,4.718375271809696,0.4539707364351758,2.2027851571503083,2.4504919592164316,2.8034074678637015,1.1440182275726045,1.9244118988224563,0.3804625,0.12027036655683693,0.6466222342702772,0.5833834484319468,0.03814250000000008,0.026675500000000102,0.011466999999999977,0.38258916666666665,0.9122769602616051,0.5269307255382571,0.3926995540821331,0.9488940466431209,0.8481638672343206,0.12788017467541746,0.6873977847160273,0.5298461494384596,0.4845690366991227,5.397907315478135,0.4809567772807656,0.6575048900624207,0.6676248025566617,0.130456511292648,0.860633089569994,0.5643824999999999,0.5299540828594537,0.13374076869644227,0.6555002985700545,0.20722018645688023,0.2565468766036401,0.5677805677151229,0.4539707364351758,1.932038302253482,0.5643825,0.5299540828594537,41.592286490541255,0.44994463758531156,0.37554350296180705,0.37554350296180705,0.4037381017443624,0.7212661791399878,0.1959118378954856,0.06717210969594128,0.3274386168405238,0.3804625,0.47416151065464274,0.605295261669024,-0.05805765165408992,-0.12474328065005805,0.13751338712710212,0.7422845183495613,0.12020209452333652,4.617886006858159,0.553406037156769,0.34326337169939064,0.5238460973234864,0.2596667817003071,0.8741119467316665,-0.06717210969594128,0.5262143956571391,0.4981530187545929,6.1753043596544925,14.078453376861866,0.9285424616419041,6.1753043596544925,5.397907315478135,0.6463447966240707,2.0238625000000043,0.7212661791399878,1.1051091254441743,23.25125,0.10475413080043557,0.06717210969594128,-0.23645277735146145,0.3804625,0.5389105617293465,0.8115170711025763,0.778473140394692,0.553406037156769,0.5429104397328037,0.2640370742184763,0.778473140394692,-0.10936998045519507,4.397907315478135,4.718375271809696,0.4539707364351758,2.2027851571503083,2.4504919592164316,2.8034074678637015,1.1440182275726045,1.9244118988224563,0.3804625,0.12027036655683693,0.6466222342702772,0.5833834484319468,0.03814250000000008,0.026675500000000102,0.011466999999999977,0.38258916666666665,0.9122769602616051,0.5269307255382571,0.3926995540821331,0.9488940466431209,0.8481638672343206,0.12788017467541746,0.6873977847160273,0.5298461494384596,0.4845690366991227,5.397907315478135,0.4809567772807656,0.6575048900624207,0.6676248025566617,0.130456511292648,0.860633089569994,0.5643824999999999,0.5299540828594537,0.13374076869644227,0.6555002985700545,0.20722018645688023,0.2565468766036401,0.5677805677151229,0.4539707364351758,1.932038302253482,0.5643825,0.5299540828594537,41.592286490541255,0.44994463758531156,0.37554350296180705,0.37554350296180705,0.4037381017443624,0.7212661791399878,0.1959118378954856,0.06717210969594128,0.3274386168405238,0.3804625,0.47416151065464274,0.605295261669024,-0.05805765165408992,-0.12474328065005805,0.13751338712710212,0.7422845183495613,0.12020209452333652,4.617886006858159,0.553406037156769,0.34326337169939064,0.5238460973234864,0.2596667817003071,0.8741119467316665,-0.06717210969594128,0.5262143956571391,0.4981530187545929,6.1753043596544925,14.078453376861866,0.9285424616419041,6.1753043596544925,5.397907315478135,0.6463447966240707,2.0238625000000043,0.7212661791399878,1.1051091254441743,23.25125,0.10475413080043557,0.06717210969594128,-0.23645277735146145,0.3804625,18,22.33,119A,0.16,24.57,24.27,alfalfa,0.14,0.25,0.05,0.1,21.4,0.41,0.02,19,0.06
0.10189500000000001,0.1370675,0.16558499999999998,0.2498725,0.2773175,0.20647749999999998,0.01,,310.29978182,0.9353,13.63,0.269,0.9634,0.0205,2.47,10.269,0.488,5440,0,0.15440663771400476,0.4152621872002096,0.42066848131223034,0.14647041701602642,0.2599887638484996,0.25187400737861443,0.42066848131223034,-0.6061348218525443,0.8229886734638041,2.202269535050278,1.1098360163683478,0.9010340133601378,2.0232184872416874,1.6747742851103664,0.8277772745115803,0.8736460056107157,0.08428750000000002,0.004933735584843529,0.14245742544805537,0.12791947799898806,0.006655000000000022,-0.07153799999999996,0.07819299999999998,0.11502333333333334,0.2782798379557496,0.022318369183875898,0.3388168262070585,0.38971684521573474,0.444676463705224,0.012287325868005914,0.29153098671628674,0.206247486013091,-0.09552508936247228,1.822988673463804,0.16266745497281784,0.2140973366877766,0.042987806468780594,0.23811126065500213,0.6014393770722637,0.07688670000000006,0.06358511946270728,-0.18679203746593076,0.0950914867974143,-0.16799177111681393,0.45067084862137796,0.12239041558941699,1.1098360163683478,0.3213581915811298,0.07688670000000006,0.06358511946270728,-5.5769575849160455,0.014679204848046367,-0.05205902995125096,-0.05205902995125096,-0.03153337561232262,0.20287875414452747,0.1471883663754773,-0.09422522529964224,0.05069382149497844,0.08428750000000002,-0.4523645335248318,0.5582336204544568,-0.2020404896010711,-0.10990760960860071,0.24807474774897068,0.4522374553187639,0.2996877969322655,2.269887384548087,0.14647041701602642,0.4093091664143271,0.13076751504084208,0.05370800978235976,1.208054425739143,0.09422522529964224,0.21893927764944782,0.11909576938904914,1.509028595585349,5.0178005254099105,0.8647595115903238,1.509028595585349,1.822988673463804,0.14817754628416221,1.1122375000000004,0.20287875414452747,0.8383786460451671,3.9165500000000018,-0.14204948756584423,-0.09422522529964224,-0.737766122822184,0.08428750000000002,0.15440663771400476,0.4152621872002096,0.42066848131223034,0.14647041701602642,0.2599887638484996,0.25187400737861443,0.42066848131223034,-0.6061348218525443,0.8229886734638041,2.202269535050278,1.1098360163683478,0.9010340133601378,2.0232184872416874,1.6747742851103664,0.8277772745115803,0.8736460056107157,0.08428750000000002,0.004933735584843529,0.14245742544805537,0.12791947799898806,0.006655000000000022,-0.07153799999999996,0.07819299999999998,0.11502333333333334,0.2782798379557496,0.022318369183875898,0.3388168262070585,0.38971684521573474,0.444676463705224,0.012287325868005914,0.29153098671628674,0.206247486013091,-0.09552508936247228,1.822988673463804,0.16266745497281784,0.2140973366877766,0.042987806468780594,0.23811126065500213,0.6014393770722637,0.07688670000000006,0.06358511946270728,-0.18679203746593076,0.0950914867974143,-0.16799177111681393,0.45067084862137796,0.12239041558941699,1.1098360163683478,0.3213581915811298,0.07688670000000006,0.06358511946270728,-5.5769575849160455,0.014679204848046367,-0.05205902995125096,-0.05205902995125096,-0.03153337561232262,0.20287875414452747,0.1471883663754773,-0.09422522529964224,0.05069382149497844,0.08428750000000002,-0.4523645335248318,0.5582336204544568,-0.2020404896010711,-0.10990760960860071,0.24807474774897068,0.4522374553187639,0.2996877969322655,2.269887384548087,0.14647041701602642,0.4093091664143271,0.13076751504084208,0.05370800978235976,1.208054425739143,0.09422522529964224,0.21893927764944782,0.11909576938904914,1.509028595585349,5.0178005254099105,0.8647595115903238,1.509028595585349,1.822988673463804,0.14817754628416221,1.1122375000000004,0.20287875414452747,0.8383786460451671,3.9165500000000018,-0.14204948756584423,-0.09422522529964224,-0.737766122822184,0.08428750000000002,19,23.4,119B,0.33,24.87,24.43,alfalfa,0.15,0.21,0.1,0.1,22.73,0.24,0,20,0.73
